Date,forecast_volatility,realized_volatility
2022-01-05,0.7742252858792725,0.02426324243335708
2022-01-06,0.7343730759881709,0.7896271665942634
2022-01-07,0.772122390439287,0.21840312552430172
2022-01-10,0.7474137841529773,0.28709627228891454
2022-01-11,0.7384011820639979,0.38102821860649067
2022-01-12,0.7308848563843223,0.6427303340737162
2022-01-13,0.7453834785472853,0.026056027007138986
2022-01-14,0.7093605152952336,0.07655937087288894
2022-01-17,0.6849611947084218,0.8101604753523307
2022-01-18,0.7212740501834066,0.39357958098215773
2022-01-19,0.7258782985203631,0.11866718914451893
2022-01-20,0.6989708663297197,0.0038375282903176516
2022-01-21,0.6675383787048982,1.4536053000387652
2022-01-24,0.7751876815044179,7.089075386193291
2022-01-25,1.2068114509266898,1.026264955711724
2022-01-26,1.1772576803606816,1.754826266890919
2022-01-27,1.1904230673256384,1.2653354029451211
2022-01-28,1.1754926874853886,1.3792445252719563
2022-01-31,1.178820350438213,0.0005186912483141368
2022-02-01,1.0992371175076092,0.9062910778951686
2022-02-02,1.0771549071808384,0.38986636781671935
2022-02-03,1.0283963036572243,0.5145564609287312
2022-02-04,0.999862829715007,0.02717069854218172
2022-02-07,0.9400944196724326,0.572750030742707
2022-02-08,0.9189418216075926,0.007146946971803567
2022-02-09,0.8650018382412022,1.0065309843226924
2022-02-10,0.8840579524565203,0.14340941466255858
2022-02-11,0.8409843173539285,0.022109834336081494
2022-02-14,0.7962287520598268,2.9019149511880737
2022-02-15,0.9745348610395863,1.042662841563414
2022-02-16,0.9782262662697621,0.00449577349727379
2022-02-17,0.9189122263739851,0.7692718939723318
2022-02-18,0.9230469578553441,0.10001768308509433
2022-02-21,0.8773193355373519,0.15266663053701984
2022-02-22,0.8407536603848984,0.017475440462728295
2022-02-23,0.7945601791846506,0.0028473289936562047
2022-02-24,0.7520921015421518,15.689712588823728
2022-02-25,1.5761375847947634,14.783458778673678
2022-02-28,2.0054949215182343,0.1742694789424075
2022-03-01,1.858397536379931,3.0014359190230753
2022-03-02,1.8345111359611759,1.814195459109213
2022-03-03,1.7618814196904187,6.761449297642561
2022-03-04,1.886636019651234,12.53417861453553
2022-03-07,2.17098574246529,0.15665550692124783
2022-03-08,2.0102056365165852,0.004366073507407155
2022-03-09,1.858636748803272,10.252904035599519
2022-03-10,2.0609878910169384,1.6436579439100696
2022-03-11,1.9637388765177073,0.6284131439757921
2022-03-14,1.8366383513959907,0.2790543922914891
2022-03-15,1.7092937077686716,0.061379835255036826
2022-03-16,1.5865571753377794,2.5716601906048044
2022-03-17,1.5745276369729377,1.6268415308675197
2022-03-18,1.525744389494853,0.06882482099135723
2022-03-21,1.4166126286455696,0.25790189639814226
2022-03-22,1.3243353575042693,0.2114325877021073
2022-03-23,1.237483304972586,0.046470048351325205
2022-03-24,1.1512670763417077,0.00829945693307782
2022-03-25,1.0674757065234424,0.045811175505256915
2022-03-28,0.99205180466927,0.01896959927766227
2022-03-29,0.9231434864698365,0.7317232499962825
2022-03-30,0.915528507753441,0.301494141023439
2022-03-31,0.875385324278741,0.6990060405951631
2022-04-01,0.8842687365315045,0.08699100691276344
2022-04-04,0.8326443293885359,0.07739793059470812
2022-04-05,0.7857991913297125,0.5218065258289358
2022-04-06,0.7831387016330043,0.11701467698643714
2022-04-07,0.75164614576455,0.22492457208676922
2022-04-08,0.7359877983676917,2.395856938304259
2022-04-11,0.8920418775378421,0.45040922937252553
2022-04-12,0.8766516348516085,0.29980526658858503
2022-04-13,0.85097713460847,0.002926104377895754
2022-04-14,0.8004294941376123,0.21950115891988448
2022-04-20,0.7712018011336291,0.13423111833260415
2022-04-21,0.7387473646623275,0.00024752219975712677
2022-04-22,0.7004582112306716,1.9693871608361804
2022-04-25,0.8507969706977474,3.591333972971769
2022-04-26,1.06799802664292,0.005960361387806551
2022-04-27,0.9945953323742551,0.2830327135091197
2022-04-28,0.9464316094146552,1.2533829822976323
2022-04-29,0.969463708814552,0.22119403941237423
2022-05-04,0.9202183629647495,0.8112837546918843
2022-05-05,0.9282789912399193,0.01708038938943385
2022-05-06,0.8706623480437397,2.4023090984657043
2022-05-09,1.0021856063125114,5.503515263746511
2022-05-10,1.2800451502287329,0.13536389533542442
2022-05-11,1.1916595331153326,2.0518388023531
2022-05-12,1.2186911461400929,2.462397770845356
2022-05-13,1.275942585703691,6.37114638982235
2022-05-16,1.4959992544302465,0.39214476223771183
2022-05-17,1.396948638425608,0.5119006985303675
2022-05-18,1.3150369384058855,1.1530213908369433
2022-05-19,1.284631687938117,3.375040568932521
2022-05-20,1.3759411164777449,1.412191273121354
2022-05-23,1.3408704907612061,2.742450285359274
2022-05-24,1.3760408035063538,0.14955535402855022
2022-05-25,1.2821903181817398,0.26189234413305595
2022-05-26,1.2002508745342453,0.3114457356373809
2022-05-27,1.1295964598911277,0.07395216489182345
2022-05-30,1.0527448284704284,0.03697497275204187
2022-05-31,0.9810543022376873,0.009990002743288873
2022-06-01,0.9145826748524163,0.9736852560421932
2022-06-07,0.9375979150834236,0.014960997466122925
2022-06-08,0.8780399190424927,0.006032891308287868
2022-06-09,0.8233633231223147,2.4031518493118833
2022-06-10,0.9738651343997502,4.603568484905484
2022-06-13,1.213266717169583,2.366215953480258
2022-06-14,1.266784920946395,0.06465954217707628
2022-06-15,1.1783462471522925,1.4114480820496353
2022-06-16,1.1726018267917335,10.179736172253751
2022-06-17,1.6145354475226565,0.16664027202470252
2022-06-20,1.4963192483663896,2.227403812065436
2022-06-21,1.4821466275001054,0.18024766920338098
2022-06-22,1.375881523951146,0.7803084205035605
2022-06-23,1.3172769868546403,0.948303223906483
2022-06-24,1.2753888740136898,7.005568382507457
2022-06-27,1.5222107504840108,0.46828563465006234
2022-06-28,1.4253354627593955,0.7972834368043913
2022-06-29,1.354687159404961,0.023008418962905917
2022-06-30,1.2559369638226239,3.900562374429392
2022-07-01,1.3799732124164552,6.995514622763444e-05
2022-07-04,1.277382032437066,0.7899802022503148
2022-07-05,1.2244598484842895,8.448352847543973
2022-07-06,1.5676591233992663,1.356376556796626
2022-07-07,1.5058902705054111,1.2935100939820718
2022-07-08,1.4491557081686648,0.009744304386286455
2022-07-11,1.3410262410675975,3.088000000182456e-05
2022-07-12,1.2426491517527316,0.03409053347272585
2022-07-13,1.1541393869475798,0.5547300851757756
2022-07-14,1.1107407587325906,2.698566668096581
2022-07-15,1.204220141459617,2.819233578743644
2022-07-18,1.2689932194533837,0.7970540994144426
2022-07-19,1.218240105366293,1.0138976592466815
2022-07-20,1.1854600476389956,0.19319808928717425
2022-07-21,1.1158906454506208,0.007278680831963077
2022-07-22,1.0388329147632815,0.006579740783402594
2022-07-25,0.9686108211254993,0.16816084571137813
2022-07-26,0.9149573584095364,0.0
2022-07-27,0.8560556909612602,0.32700657983095344
2022-07-28,0.8272140938203035,0.0015585562223486725
2022-07-29,0.7775741601370629,1.1186306688222463
2022-08-01,0.8260938971249474,0.018171034352076152
2022-08-02,0.7800015719130041,0.003366003438572659
2022-08-03,0.7368539565306119,0.24282455538271988
2022-08-04,0.71762318581366,0.001038570747781905
2022-08-05,0.6805151918937636,0.012733491086192828
2022-08-08,0.6502978258508493,0.32753088206542125
2022-08-09,0.6525247169342107,0.006004563970530047
2022-08-10,0.6235095854164057,0.06354322270478988
2022-08-11,0.6030993103237439,0.3028608131267285
2022-08-12,0.6218551785847115,0.21874582065949594
2022-08-15,0.6177900741652591,0.012231500747342826
2022-08-16,0.5938384023254341,0.1278676262255767
2022-08-17,0.5844904560724675,0.07275829043172483
2022-08-18,0.5764160708472089,0.12017879970235311
2022-08-19,0.568827292355485,0.012687822287896135
2022-08-22,0.5511168098699684,0.04844367486519147
2022-08-23,0.5443221799931749,0.37020286487907156
2022-08-24,0.5837177354422252,0.049254018097192306
2022-08-25,0.5720337494767967,0.012032513514378609
2022-08-26,0.5537004684220641,0.494256187562225
2022-08-31,0.6062590335517613,1.1171788040719786
2022-09-01,0.7143561879721937,3.5363183322841976
2022-09-02,0.9931964256209633,3.383085601659383
2022-09-05,1.1515918002534893,0.007243804717162076
2022-09-06,1.0629212073683272,0.03176635145879035
2022-09-07,0.9863575906444662,0.7416416649905776
2022-09-08,0.9789454694898785,0.11234501726078922
2022-09-09,0.9177272447599365,1.4837477597673676
2022-09-12,0.9649338522265157,2.7048899942941858
2022-09-13,1.0840577523629582,1.3744657103553297
2022-09-14,1.1050751014289788,2.194213111582733
2022-09-15,1.1754741376773652,0.004348190476573372
2022-09-16,1.0855907825984268,0.39112105583047907
2022-09-21,1.0369335410233838,0.3872601859322174
2022-09-22,0.9872056397585358,1.177122380848246
2022-09-23,1.0121856839968553,3.950698565364264
2022-09-26,1.2146582819942873,0.0011687931680859059
2022-09-27,1.121024850231125,0.27018357287220346
2022-09-28,1.0590875505659052,0.08841861670482666
2022-09-29,0.9872403070940098,3.1791136233712547
2022-09-30,1.1481743359091028,0.031372605660980865
2022-10-03,1.0635320696995587,0.04724121637554844
2022-10-04,0.989029199115319,6.449381529486938
2022-10-05,1.3174579626931224,0.22994025665906498
2022-10-06,1.230235678950718,0.6196877066050632
2022-10-07,1.1786018845413755,0.007857172786721772
2022-10-10,1.0914681511422906,0.20785018880964676
2022-10-11,1.0293951900568943,1.145896970849371
2022-10-12,1.0439731397934202,0.7406375887468735
2022-10-13,1.0272090621207361,0.12420267720491218
2022-10-14,0.9620759064839673,0.01537730010105977
2022-10-17,0.8970711237781411,0.7942781368486292
2022-10-18,0.8978412383666399,0.0567147601947056
2022-10-19,0.8425269831505521,0.02849793670265441
2022-10-20,0.7938324460790589,0.07428405826819859
2022-10-21,0.7517086089957732,0.1375406993762473
2022-10-24,0.7203041725378699,0.40144154129709503
2022-10-25,0.7181774433551946,5.0820559921969675e-05
2022-10-26,0.6802157911122249,0.3667079521249576
2022-10-27,0.6816012986166629,0.06206096843549212
2022-10-28,0.6528329579457957,0.13559764121821397
2022-10-31,0.6424236921517105,0.4380435416674898
2022-11-01,0.6579424326120007,1.6493523643697527
2022-11-02,0.7847258941108797,0.3452376202695044
2022-11-03,0.7763308458864203,0.38559089569157046
2022-11-04,0.7635006186913007,4.053645302777614
2022-11-07,1.0378205306747135,0.22617347439987534
2022-11-08,0.9823157673229319,0.006976941346420732
2022-11-09,0.9136293336766766,0.018017302212673083
2022-11-10,0.8555811524812927,1.1597586902574033
2022-11-11,0.8915784618804198,0.6083198632035197
2022-11-14,0.8894127942277333,0.8355710198583318
2022-11-15,0.8942363516329345,0.04587073686192058
2022-11-16,0.8414339392585771,0.061141796947619634
2022-11-17,0.7967143893506285,0.0040906569687220295
2022-11-18,0.7507633201894707,0.28032886206437735
2022-11-21,0.7326119685313252,0.01357540901777591
2022-11-22,0.6958070656096935,1.0478166520935357
2022-11-23,0.7578952723200518,0.027638197628040023
2022-11-24,0.717062542673444,0.00035158564078706915
2022-11-25,0.6797561105484038,0.07227410785825009
2022-11-28,0.652560032376346,0.028825520614405294
2022-11-29,0.62845358990099,0.25719207935143396
2022-11-30,0.6274428606594918,0.6562240719836867
2022-12-01,0.6679252328954173,0.03723934829286111
2022-12-02,0.642985223415125,0.0009260679054678816
2022-12-05,0.6155781284942194,0.022329855246974218
2022-12-06,0.5924049453427664,0.37338015331813357
2022-12-07,0.62301093114524,0.18406408419473194
2022-12-08,0.623825417651363,0.051643268018960325
2022-12-09,0.6069205177621033,0.0034652407359991
2022-12-12,0.5835391247148494,0.16819684001855215
2022-12-13,0.5890032060942829,0.5795204426152369
2022-12-14,0.6302962879761296,0.008712506548219067
2022-12-15,0.605887914744136,0.8727067108810821
2022-12-16,0.6904042624314001,1.6262197259817293
2022-12-19,0.8249897857015756,0.15796960254822728
2022-12-20,0.7853062310093815,0.015941744598323145
2022-12-21,0.7397056269407052,2.904912006765273
2022-12-22,0.9413691955560294,0.14000088675534914
2022-12-23,0.8906728638258004,0.0024528693388771675
2022-12-29,0.8320768706384315,0.04265481631395944
2022-12-30,0.7831250452350536,0.6646696259587851
2023-01-03,0.805423282991525,1.8627485524587322
2023-01-04,0.9070851844527835,0.16880026020288721
2023-01-05,0.8581610523511343,0.4029011746028966
2023-01-06,0.8341362699501899,0.7411377856089783
2023-01-09,0.8410596121810077,0.10846966958272364
2023-01-10,0.7959617857185177,0.15547857432017198
2023-01-11,0.7669532392263408,0.15650211829668753
2023-01-12,0.7354542964496732,0.7907449556365652
2023-01-13,0.7652468129761497,0.4105557419746687
2023-01-16,0.7560443117842285,0.041521077120688074
2023-01-17,0.716318341571889,0.01341958245415919
2023-01-18,0.6816722004705194,0.06702825325704281
2023-01-19,0.6587249448191181,1.1465184835033244
2023-01-20,0.7565294400759008,0.0901815125663077
2023-01-23,0.7208550569772101,0.03286606208363793
2023-01-24,0.685067273250545,0.12341731575487395
2023-01-25,0.6685682335878698,0.02600686135171644
2023-01-26,0.642029486764978,0.04366176110877814
2023-01-27,0.6173777415717578,0.0027894106207371054
2023-01-30,0.5927173373237326,0.0641968343828176
2023-01-31,0.5767912471342381,0.028797806448450657
2023-02-01,0.5633454449189621,0.018628605333922924
2023-02-02,0.550077876377117,0.5754838740107074
2023-02-03,0.5999011118309915,1.077527508761205
2023-02-06,0.6895672168712983,0.6843764134209996
2023-02-07,0.7339281687416822,0.1272038329953093
2023-02-08,0.70389572908671,0.0677661138405568
2023-02-09,0.6727450384957139,0.10836554141551304
2023-02-10,0.649656322841401,0.13208785036360027
2023-02-13,0.6395158360286974,0.6764891663276983
2023-02-14,0.6788911392344529,0.006278241540648865
2023-02-15,0.6461409914010587,0.3029530726988671
2023-02-16,0.6464110613597778,0.03372154905419469
2023-02-17,0.6199452603939045,0.010230188879386596
2023-02-20,0.5973435506951319,0.015278031568821099
2023-02-21,0.575865266886924,0.20837051067135853
2023-02-22,0.5882863066148002,0.35211793531941293
2023-02-23,0.616685082314915,0.08362010554871423
2023-02-24,0.6050925481151518,0.1349866243481731
2023-02-27,0.6022088995212753,0.5088009086916301
2023-02-28,0.6323673247628107,0.5532002011747105
2023-03-01,0.6747771807799368,0.23900570974519014
2023-03-02,0.6639345192717014,0.13468019704515247
2023-03-03,0.6444686561229881,0.001522309036354613
2023-03-06,0.6158957665518963,0.047493681664506564
2023-03-07,0.5993439692138376,0.016892655725804524
2023-03-08,0.5804485017336634,0.017222373031258606
2023-03-09,0.5612678313296958,0.3984777040579126
2023-03-10,0.6009528649780258,2.836376728460845
2023-03-13,0.8718331897669179,6.824753562509679
2023-03-14,1.3022503506966663,1.3585847123626869
2023-03-15,1.2725294992770386,15.261702455605086
2023-03-16,1.9271450253233566,0.7883141168714054
2023-03-17,1.7842349569204197,1.023842335355874
2023-03-20,1.6779343922650698,0.8639600927538165
2023-03-21,1.5704660909097905,3.136875582772783
2023-03-22,1.5837279018374515,0.16419748468160847
2023-03-23,1.4552460874403892,0.7957589454237369
2023-03-24,1.3813012291650528,1.5943434643605512
2023-03-27,1.3632830772769704,0.7944050743274425
2023-03-28,1.292890751384549,0.02794110141871111
2023-03-29,1.1887465710518972,1.130462012835619
2023-03-30,1.1630495782918722,0.5459825497196323
2023-03-31,1.104527971837184,0.02195736709417548
2023-04-03,1.0196544200040059,0.29127850850473397
2023-04-04,0.9623821479359658,0.2530315906466456
2023-04-05,0.9172296000026864,0.13786671969293965
2023-04-06,0.8613001766567057,1.0440563897998816
2023-04-12,0.8890283855747249,0.2509418050872875
2023-04-13,0.8464532025435468,0.056370599206325256
2023-04-14,0.7935683880857572,0.13155438310675788
2023-04-17,0.7537282713946576,0.009312367121137475
2023-04-18,0.7087823248073057,0.14344876927127698
2023-04-19,0.6821022284162139,0.017985189853333274
2023-04-20,0.6502871464578975,0.002313678631919532
2023-04-21,0.6189146913761233,0.02114579705307952
2023-04-24,0.5933140955601659,0.0005764527942574898
2023-04-25,0.5709055348394276,0.07130727707549968
2023-04-26,0.5653641709115985,0.23920461805198215
2023-04-27,0.5867741114597862,0.0717091122010012
2023-04-28,0.5785739705883771,0.24675727823201704
2023-05-03,0.5861537757785698,0.03917408682187149
2023-05-04,0.5677898161235293,1.2271073684750649
2023-05-05,0.713096404619076,0.9589701398766932
2023-05-10,0.7674420671657274,0.08649191819595985
2023-05-11,0.732392516936835,0.01913007217739818
2023-05-12,0.6937490868705438,0.09608365640094234
2023-05-15,0.6649880639808072,0.08847421271407085
2023-05-16,0.639807973671181,0.11736848356552833
2023-05-17,0.6292829039683152,0.13003020817182995
2023-05-18,0.6222815192196233,0.06100725332535491
2023-05-19,0.6007587546577394,0.035493859122554386
2023-05-22,0.5798042932771409,0.032982154792294084
2023-05-23,0.5617231055544993,0.010608975353382916
2023-05-24,0.5468685454380835,3.1191622668645484
2023-05-25,0.8886423652619871,0.5469740464566507
2023-05-26,0.8816378066791617,0.548916989758484
2023-05-31,0.8643958539116813,1.0312298460234368
2023-06-01,0.9063580267195045,0.3502752426827576
2023-06-02,0.868478522426645,2.402333491762493
2023-06-05,1.0022172139219983,0.009216760935133319
2023-06-06,0.9268446323333842,0.13620253473338825
2023-06-07,0.8688573793918865,0.0024832348729471173
2023-06-08,0.8098078851687467,0.1044382577910653
2023-06-09,0.7710977006336913,0.2420847936802791
2023-06-12,0.7537645518234748,0.01203347644438993
2023-06-13,0.7092234545983952,0.10101067242531012
2023-06-14,0.6786776470974794,0.010809681436691684
2023-06-15,0.6441677512711759,0.1129979721872836
2023-06-16,0.624706999235228,0.035569178944696335
2023-06-19,0.6000353027290075,0.5065205944161416
2023-06-20,0.649497457013767,0.06417995603571844
2023-06-21,0.6297888402710415,0.01782697004644403
2023-06-22,0.6059350740248086,0.5769524585641903
2023-06-23,0.6622507794997373,0.2872521858957609
2023-06-26,0.6696435063215891,0.012385689640650586
2023-06-27,0.638858501577222,0.011221506705154942
2023-06-28,0.6101207629155564,0.2717764814450971
2023-06-29,0.6146776989820346,0.1480024472581308
2023-06-30,0.612629727226832,0.6354718447657616
2023-07-03,0.6579651319381801,0.0031118472173930854
2023-07-04,0.6271198063563481,0.010203349497637322
2023-07-05,0.6022288832360174,1.0760305662830199
2023-07-06,0.7177878345188928,4.819578761839492
2023-07-07,1.1134152224978968,0.10541802602579653
2023-07-10,1.0320221801676308,0.054107281918767354
2023-07-11,0.9540076303156367,0.014289469825366479
2023-07-12,0.8837298831856348,3.3048025299587236
2023-07-13,1.0776938385393489,0.10526330931586753
2023-07-14,0.997957345068631,0.005669554650091486
2023-07-17,0.9233063945598711,0.14442385694891677
2023-07-18,0.8726638534376397,0.40527248228818546
2023-07-19,0.8449037941172846,3.19832279231962
2023-07-20,1.0428428506753997,0.5777963739183771
2023-07-21,1.0018726438029462,0.0528629600641313
2023-07-24,0.9287364532777095,0.037726468235041014
2023-07-25,0.8637488652496382,0.029499758123240672
2023-07-26,0.8063285319498648,0.03759697102291205
2023-07-27,0.7603539317487471,0.04280736052428152
2023-07-28,0.7172775807990548,0.0003801272307018545
2023-07-31,0.677092020084837,0.004390671915947203
2023-08-01,0.6422980625887873,0.18561591136535902
2023-08-02,0.6408259434755061,1.8909697635270983
2023-08-03,0.8272144662880323,0.18438440437048328
2023-08-04,0.7946527570797206,0.21754744405276616
2023-08-07,0.7627455132376273,0.017150688266470187
2023-08-08,0.7202227725487601,0.12914884594479248
2023-08-09,0.69814256244605,0.6282286248421709
2023-08-10,0.7230326538005317,0.16948597599550005
2023-08-11,0.69755649904811,1.5545401518119222
2023-08-14,0.8309831018876219,0.05116339065597964
2023-08-15,0.7833388761169169,2.4929146446531796
2023-08-16,0.970444278381955,0.19669086849299397
2023-08-17,0.9179540246813556,0.4055110815242867
2023-08-18,0.8926180230235593,0.43037806546745916
2023-08-21,0.8737373202155659,0.004014661601746715
2023-08-22,0.8148427877800984,0.03202575796572825
2023-08-23,0.7643768607190319,0.46407863969907215
2023-08-24,0.7604863722745095,0.03196619773393396
2023-08-25,0.7172131129813573,0.004645254849618641
2023-08-30,0.6777747276198706,0.013567270100500529
2023-08-31,0.6442338312182168,0.21532665558955733
2023-09-01,0.6460620961575714,0.11618298985856215
2023-09-04,0.6273593037025957,0.024607412876802175
2023-09-05,0.6054111255973247,0.04004948300034747
2023-09-06,0.5893181387608467,0.025208001626045733
2023-09-07,0.5732916653243925,0.04403738339873614
2023-09-08,0.5580765874214393,0.2393952922546322
2023-09-11,0.5693554214969362,0.06237213062291361
2023-09-12,0.5567532674560253,0.16592527573575888
2023-09-13,0.5589006822843643,0.0003971618623539031
2023-09-14,0.5422900501929895,3.746944702201673
2023-09-15,0.9124105240178874,0.24790662446927017
2023-09-18,0.864956867370697,0.5798963496114679
2023-09-19,0.8653432043040997,0.009091057250083696
2023-09-20,0.8060170541697754,0.8631650245201185
2023-09-21,0.8301524812074641,0.4749324732091519
2023-09-22,0.8267200962080405,0.004760537207532448
2023-09-25,0.7724876266087746,0.6124708529468481
2023-09-26,0.7939094201176135,0.0004972044564278533
2023-09-27,0.7440535522268187,0.1824153935807404
2023-09-28,0.7244207364054097,0.01311179682429238
2023-09-29,0.6844127636217772,0.006646796036168278
2023-10-02,0.6494628283488574,1.6601769892482277
2023-10-03,0.8086044042950574,0.2923454379725091
2023-10-04,0.7902408615945377,0.6012504900704349
2023-10-05,0.8065297474786045,0.27537201677801915
2023-10-06,0.7782626090090022,0.33263131625657294
2023-10-09,0.7597348773514017,0.0010257211206880796
2023-10-10,0.7151760011304812,3.2361947497770536
2023-10-11,0.9619025342681875,0.011568346749648831
2023-10-12,0.892863551136995,0.10557839379739556
2023-10-13,0.8380519178790716,0.3516520151163175
2023-10-16,0.8210436608968413,0.1657194008603535
2023-10-17,0.7811628469277353,0.3396424649755617
2023-10-18,0.7628203261028914,1.3056090620760354
2023-10-19,0.8523616266146748,1.376327947326751
2023-10-20,0.9250910294042399,1.7089273285257653
2023-10-23,1.0070293956189382,0.13653026460439174
2023-10-24,0.9444899374524353,0.04073972618335269
2023-10-25,0.878408899123224,0.11044830609632121
2023-10-26,0.8261390592133455,0.6536011805428543
2023-10-27,0.8400710891549626,0.7472135118959771
2023-10-30,0.8598277677776256,0.24392764354823515
2023-10-31,0.8211508771138694,0.00605540518648748
2023-11-01,0.7697866551058268,0.07970363581393262
2023-11-02,0.7296370358112273,1.9820055776690635
2023-11-03,0.8689340183509956,0.15016097221231442
2023-11-06,0.827168311227619,1.8032504359780177e-06
2023-11-07,0.7740521731358614,0.011068126123189312
2023-11-08,0.7298256444194272,0.012559894795820257
2023-11-09,0.6917125625528641,0.5284034945594561
2023-11-10,0.7078476725352912,1.6479889765968652
2023-11-13,0.8438358205614651,0.777735663125965
2023-11-14,0.8528423148450126,0.039111161241791266
2023-11-15,0.798604524679884,0.3864813900515593
2023-11-16,0.781792000924093,1.0382449721445366
2023-11-17,0.8410211941908166,1.565196308927712
2023-11-20,0.9146889952871057,0.011093803846178049
2023-11-21,0.8523062757209757,0.03696991990488859
2023-11-22,0.8011118724963533,0.02795829540998496
2023-11-23,0.7556692004170846,0.03556657200463022
2023-11-24,0.7140116119890823,0.003776122465380366
2023-11-27,0.675596885232669,0.13536545976918998
2023-11-28,0.6616809696519987,0.00543859176531238
2023-11-29,0.6318955432745079,0.18157464173440377
2023-11-30,0.6314337146450815,0.1659176624690648
2023-12-01,0.6208404212388088,1.0183637676089081
2023-12-04,0.7036346039942526,0.04754541023611464
2023-12-05,0.6741178883822503,0.09565316342187244
2023-12-06,0.6553705703324343,0.11642882599046726
2023-12-07,0.6356385954257979,0.0005116137206624274
2023-12-08,0.6085318799084031,0.293261815630574
2023-12-11,0.6160580486661437,0.016169330397670066
2023-12-12,0.5948373158157555,0.0007749843173014163
2023-12-13,0.573635738885187,0.005508123883593295
2023-12-14,0.5549711090554025,1.752794088250343
2023-12-15,0.7336003064955218,0.9095018094737175
2023-12-18,0.7929356760009558,0.25162105921674366
2023-12-19,0.7646330083119187,0.09495423426034058
2023-12-20,0.7264750676112776,1.0244376121816587
2023-12-21,0.782072210076739,0.0742798936345191
2023-12-22,0.744440533458235,0.0013234698953133058
2023-12-28,0.7018489543701986,0.0008865724733359439
2023-12-29,0.6656465806388857,0.018460782380119008
2024-01-02,0.6348272442459082,0.022925837568027345
2024-01-03,0.6119378949983997,0.25904940359803147
2024-01-04,0.6253686725819304,0.2805709045976938
2024-01-05,0.6281722958355401,0.188970282294489
2024-01-08,0.6293029619303172,0.003576571020982143
2024-01-09,0.6025231915437159,0.017598111841592774
2024-01-10,0.5834832765360799,0.1763459209619045
2024-01-11,0.5911363772221081,0.9754180836533184
2024-01-12,0.6954312619132702,0.40381344590894214
2024-01-15,0.6982362208061341,0.15541242812856462
2024-01-16,0.6827736616805632,0.23335519566594298
2024-01-17,0.6792863016526192,2.2287602157268527
2024-01-18,0.8768203531856359,0.029499371256025097
2024-01-19,0.8182283126849341,0.001408379235457109
2024-01-22,0.7659660616981406,0.11913818452450181
2024-01-23,0.7301889214401641,0.0007136398810559051
2024-01-24,0.690218272368903,0.3130420681989452
2024-01-25,0.6848648031525782,0.0007056997930001934
2024-01-26,0.6505395194013757,1.9323286986206163
2024-01-29,0.8092702339143601,0.0009883122922015172
2024-01-30,0.7590382328490416,0.19293177295179245
2024-01-31,0.7310209108207095,0.2178632724965036
2024-02-01,0.7177144232432754,0.012131357052875892
2024-02-02,0.6816435807287393,0.007733856751446133
2024-02-05,0.6498340706958221,0.001166086515888257
2024-02-06,0.6211221704507434,0.7930940915262763
2024-02-07,0.67929847523779,0.4650167425547862
2024-02-08,0.7030698145522918,0.1913683417329151
2024-02-09,0.6912525674706455,0.09117285190816118
2024-02-12,0.669253410732104,0.0002110130650136747
2024-02-13,0.6373051190915393,0.6626113166895915
2024-02-14,0.6922595938267468,0.5535390296565665
2024-02-15,0.7103020207177407,0.14726976020641713
2024-02-16,0.6853960991187266,2.2258956025268626
2024-02-19,0.8565045117609048,0.047354684276482394
2024-02-20,0.8026808679369377,0.014497065037559544
2024-02-21,0.7557028366043761,0.5435310399031691
2024-02-22,0.7720439150164483,0.08219756677968858
2024-02-23,0.7325919532116362,0.08024969659929047
2024-02-26,0.6984261668088136,0.08173251531057546
2024-02-27,0.6743689685813733,0.00028616799641289917
2024-02-28,0.6422065019697413,0.5742264958083547
2024-02-29,0.6859148904611333,0.004297101451075196
2024-03-01,0.6519070209304858,0.47020776653053314
2024-03-04,0.6694568696819015,0.30339949558214746
2024-03-05,0.6764984705535155,0.005959439864684023
2024-03-06,0.643826959825225,0.18658544985902348
2024-03-07,0.633356173714879,0.02949656745164543
2024-03-08,0.6084723539323892,0.18258394149970664
2024-03-11,0.6119414546785431,0.015363328220285603
2024-03-12,0.5888170040632874,1.039701205325104
2024-03-13,0.6805275882550644,0.09887143355969272
2024-03-14,0.655345696371971,0.13974330929519202
2024-03-15,0.6451819553924164,0.041723069618564285
2024-03-18,0.623682245862068,0.0038605588999700373
2024-03-19,0.5993647012727613,0.041245241363586496
2024-03-20,0.5804476259394311,0.0001352540162961584
2024-03-21,0.5612277669143486,3.4566654834483783
2024-03-22,0.8819525121623867,0.3731620202980388
2024-03-25,0.8509501377814227,0.028169192220202224
2024-03-26,0.7997002553937252,0.028594443621207947
2024-03-27,0.7527004146385136,0.0001589605453361786
2024-03-28,0.710377453221516,0.0672738782903366
2024-04-03,0.6784725646554477,0.0008397523648899393
2024-04-04,0.6457829870091184,0.23413301366794376
2024-04-05,0.6397404907886586,0.6634071650756218
2024-04-08,0.6932723576012285,0.16601407774794294
2024-04-09,0.6729868359484131,0.012009089660093869
2024-04-10,0.6435980619392262,0.11033309155781565
2024-04-11,0.6253067258004599,0.22173764684516584
2024-04-12,0.6306259158951242,0.8137011477693896
2024-04-15,0.6867558829453513,0.14225619486452892
2024-04-16,0.6719764174952098,3.3797235218333204
2024-04-17,0.9585474783026874,0.12411744652482948
2024-04-18,0.8983982482459254,0.13698185353440986
2024-04-19,0.847324361595904,0.05682487260326825
2024-04-22,0.7969769978154648,2.585969772314304
2024-04-23,0.9550111748886732,0.06766865203874951
2024-04-24,0.892111875944658,0.0029929066635110265
2024-04-25,0.8339600755783994,0.2281869251948707
2024-04-26,0.7990459857081043,0.563981944234543
2024-04-29,0.797298834077459,0.007817665539312723
2024-04-30,0.7500795452274738,0.001267435660333615
2024-05-01,0.7091235039323038,0.07928730465330548
2024-05-02,0.6837816285164948,0.39190402187376844
2024-05-03,0.6868630827799077,0.25411354652531115
2024-05-08,0.6760561940075127,0.2349931883827112
2024-05-09,0.6650971478396237,0.10644702491807463
2024-05-10,0.6432743343032152,0.38842894007952294
2024-05-13,0.6532765000155761,0.04979997059886562
2024-05-14,0.6323324588491266,0.02419540093539694
2024-05-15,0.6074474029423419,0.044013460450753085
2024-05-16,0.5878188038924353,0.007072167565042729
2024-05-17,0.5696666499857551,0.04764867194195873
2024-05-20,0.560999535834007,0.0021446674782537914
2024-05-21,0.5444309190922721,0.008362636988437179
2024-05-22,0.5327495062055629,0.30298001665762425
2024-05-23,0.5679660077297728,0.13856193935225225
2024-05-24,0.5727216869804053,0.06726798366981773
2024-05-29,0.5661784394467156,0.7484190344217436
2024-05-30,0.6487388308699518,0.3420555804104711
2024-05-31,0.6531911590811995,0.28812096097373047
2024-06-03,0.6512167232049146,0.023220156962082884
2024-06-04,0.6262079185470435,0.13946422824756213
2024-06-05,0.6207723117139873,0.03314217772189655
2024-06-06,0.5979262236998081,0.21467828588192092
2024-06-07,0.5977127551606519,0.2330302038035472
2024-06-10,0.6094497989424609,0.04209794633250131
2024-06-11,0.5932891556700488,0.9713698803641442
2024-06-12,0.6924295662589922,0.6847042373951951
2024-06-13,0.7220536614138802,0.40006793939603186
2024-06-14,0.7296907619641856,0.042437923844900916
2024-06-17,0.6961944928580673,0.003329717610254578
2024-06-18,0.6619175144112562,0.36145993646037927
2024-06-19,0.6657630704756654,0.028334078818276535
2024-06-20,0.6363064876291467,0.6692706366595471
2024-06-21,0.6761159010085943,0.17770932280008767
2024-06-24,0.6670557620327026,0.282485534230011
2024-06-25,0.6619784405226243,0.16725358495587875
2024-06-26,0.6539827612648654,0.07462338043104089
2024-06-27,0.6356401385552171,0.3090523167515359
2024-06-28,0.6491769146799099,0.03644255310072593
2024-07-01,0.626350493141062,0.001093133089532207
2024-07-02,0.6004171221791916,0.3135082572988359
2024-07-03,0.6213034805864359,0.3752297692270901
2024-07-04,0.6340328096871185,0.7317988232633865
2024-07-05,0.6805725335386592,0.20687726003537152
2024-07-08,0.6740018114903572,0.016091977154287406
2024-07-09,0.6447413184084887,0.4323813806427162
2024-07-10,0.6705262996502225,0.4323813806427162
2024-07-11,0.6796910800700446,0.13179859366870875
2024-07-12,0.6578049791521071,0.12910629587317896
2024-07-15,0.6389009028021617,0.7234981625265258
2024-07-16,0.6980341532849749,0.04903410385712594
2024-07-17,0.6698625813803207,0.07640436614421442
2024-07-18,0.6441995107321221,0.04507058621655912
2024-07-19,0.6192097006023799,0.3617410366170902
2024-07-22,0.6418988091640953,0.27780120671817154
2024-07-23,0.64058473424765,0.14723869488235972
2024-07-24,0.6333493970632316,0.02818278440577848
2024-07-25,0.611543745711257,0.1601914929334468
2024-07-26,0.6030088926830287,1.4536961076221215
2024-07-29,0.7275175257994898,0.006533793782641479
2024-07-30,0.688264723237383,0.04722022408554663
2024-07-31,0.6613632292032525,1.2652760563112038
2024-08-01,0.750826990104549,1.0325299385020454
2024-08-02,0.8132562611567069,1.7449132708532693
2024-08-05,0.9209338303602597,4.2345415147429915
2024-08-06,1.1726027326489432,0.053244076737517985
2024-08-07,1.081840041574881,2.998396664001408
2024-08-08,1.1896656373675567,0.0721000845816853
2024-08-09,1.1014709248673047,0.08020754093118557
2024-08-12,1.0214558890124188,0.2655448258244704
2024-08-13,0.9634232191337665,0.09170200075995308
2024-08-14,0.9006615203837575,0.3089235345524638
2024-08-15,0.8619233694075801,0.6359101199629713
2024-08-16,0.8547797590406665,0.18680086191880632
2024-08-19,0.8192586544240309,0.29805903055894123
2024-08-20,0.7913050434732565,1.010859963720508
2024-08-21,0.842916779854954,0.014886947803668223
2024-08-22,0.7895746870383459,0.0030816512865940136
2024-08-23,0.7421033905256995,0.22949912403242673
2024-08-28,0.7197912753619308,0.0003674569009029365
2024-08-29,0.6813709774701024,0.18227385788915307
2024-08-30,0.6638322380266477,0.0012821873260578617
2024-09-02,0.6329951956203813,0.023384883717215425
2024-09-03,0.6102189445923359,0.6143534674732228
2024-09-04,0.6656585709246587,0.1217090588417714
2024-09-05,0.6512450138628005,0.11420587785691622
2024-09-06,0.6381511161325035,0.537457476123692
2024-09-09,0.6775998629093921,1.1784639711399822
2024-09-10,0.7567436646424313,0.6186800802760273
2024-09-11,0.7794382441189195,0.021773108056102827
2024-09-12,0.7363250571716952,0.32852076641308503
2024-09-13,0.7240871887045012,0.1511300341401978
2024-09-16,0.6973211946295478,0.0041026556719344215
2024-09-17,0.6616260268789254,0.14423755103902441
2024-09-18,0.6435472520461172,0.46049983135772427
2024-09-19,0.6731310612660881,0.8182643804408364
2024-09-20,0.7193747409016973,1.4211954755125868
2024-09-23,0.826363307767961,0.1297639395210192
2024-09-24,0.7831907334966777,0.0779951398121491
2024-09-25,0.7417435921078361,0.029026832469823904
2024-09-26,0.7048172000823445,0.038310324044387604
2024-09-27,0.6706981870603225,0.1869483685131884
2024-09-30,0.6554737354119324,1.0245854060254134
2024-10-01,0.741970053289484,0.23118420556990765
2024-10-02,0.7199126555598415,0.02938526473495725
2024-10-03,0.6830826261462797,0.010276276566882517
2024-10-04,0.6516299971509205,0.0005265777765055008
2024-10-07,0.6226190517698562,0.07693557572092107
2024-10-08,0.6037217830745012,1.8774320048127762
2024-10-09,0.7891428695665387,0.4175910835253295
2024-10-10,0.7762022864311723,0.0053012014781691425
2024-10-11,0.7317238836242288,0.0376517492102849
2024-10-14,0.6942185651722272,0.22222031325547845
2024-10-15,0.6788498865979846,0.27534248530099176
2024-10-16,0.6802667206469148,0.9267981521183587
2024-10-17,0.7343839093700856,0.4490225448408085
2024-10-18,0.7333674625018014,0.10247943353156704
2024-10-21,0.7065639759857857,0.2312768341325576
2024-10-22,0.6982999780825585,0.019812474179071407
2024-10-23,0.6663500568429717,0.3344663408943752
2024-10-24,0.6766189785320106,0.017081651111965072
2024-10-25,0.6448757957687594,0.06221486128759244
2024-10-28,0.6261438165393771,0.19814157186872935
2024-10-29,0.6193625498221581,0.6396036753774272
2024-10-30,0.6737158900600563,0.5367523471819061
2024-10-31,0.7044252699347502,0.3702661146531313
2024-11-01,0.7112832501362739,0.6789112458367575
2024-11-04,0.7358706411905258,0.007321754773003737
2024-11-05,0.6955619935714928,0.02081898968787327
2024-11-06,0.6640515735595076,0.004867532122193045
2024-11-07,0.6344576730959371,0.10168056585084244
2024-11-08,0.6223637710073245,0.7098688753001117
2024-11-11,0.6832413816995434,0.4250444869307061
2024-11-12,0.6893099678090012,1.5151244479323256
2024-11-13,0.8110888291369714,0.0031419909809128695
2024-11-14,0.7609891019042658,0.25809767860209565
2024-11-15,0.7387020088205887,0.008875058253573872
2024-11-18,0.6998813422432477,0.3193841338449191
2024-11-19,0.6929006233220908,0.01615262700606241
2024-11-20,0.6612373811917921,0.029505745443955893
2024-11-21,0.6357618562636363,0.6255443878033097
2024-11-22,0.6708318864394566,1.8897272872328243
2024-11-25,0.8118827560483719,0.12789870156239463
2024-11-26,0.7711613118173781,0.1600002944944847
2024-11-27,0.7450777943186238,0.038403999484831475
2024-11-28,0.706184741554058,0.005978086020634215
2024-11-29,0.6700799755259723,0.005421228251065003
2024-12-02,0.6386622348594463,0.09513357988269643
2024-12-03,0.6194338201371579,0.3111552090603872
2024-12-04,0.6254469120634916,0.07993240469301789
2024-12-05,0.6121037043475932,0.0265774052113382
2024-12-06,0.5900543048272037,0.23996780045440624
2024-12-09,0.6034184581035084,0.27268046817410435
2024-12-10,0.6082883830809557,0.7433257102447131
2024-12-11,0.6762511844911726,0.06537720586347494
2024-12-12,0.6487118341931362,0.015078566757477454
2024-12-13,0.6206464881589073,0.01916932222447042
2024-12-16,0.5994386059543853,0.2127875385533065
2024-12-17,0.607338941967719,0.6609859712301513
2024-12-18,0.6660659874158652,0.0022629396353958026
2024-12-19,0.6348519262437992,1.3239263641639252
2024-12-20,0.7539610150940889,0.06538837354576468
2024-12-23,0.719788867917044,0.050011898662461925
2024-12-24,0.6851491806446762,0.17843849937694317
2024-12-30,0.6671540701100723,0.12532051770206626
2024-12-31,0.652768709628757,0.4073936012564466
2025-01-02,0.6624241257983365,1.1237289362791119
2025-01-03,0.7378523348189946,0.19183856828942322
2025-01-06,0.720008801372282,0.097353423336069
2025-01-07,0.6894852436382972,0.0028466746482967943
2025-01-08,0.6564129350594431,0.004776023086461317
2025-01-09,0.6268587512390508,0.6875419341407368
2025-01-10,0.669304161287528,0.7387152100169301
2025-01-13,0.7208456721083359,0.08704355071108488
2025-01-14,0.694077813280481,0.07639623369773352
2025-01-15,0.6699318202942243,1.4570722345764031
2025-01-16,0.7725138943854689,1.1835291026846195
2025-01-17,0.8263519313288483,1.798485549626086
2025-01-20,0.9153742009789326,0.03230145128757992
2025-01-21,0.8546293955476505,0.10610559360776058
2025-01-22,0.8069288594371864,0.0014020260710494383
2025-01-23,0.7587357429205301,0.05520298819574371
2025-01-24,0.7195662942049031,0.5415462529986304
2025-01-27,0.7406650486515548,0.00023367201508946335
2025-01-28,0.7002629582602675,0.12567923794637717
2025-01-29,0.6750581221947588,0.07821040449424022
2025-01-30,0.6490237763199972,1.0728392615935256
2025-01-31,0.7226602399739608,0.09791423460432151
2025-02-03,0.6918307045583931,1.0976092861584679
2025-02-04,0.7725894392119038,0.022269773635838135
2025-02-05,0.7315635643261037,0.37292579197685355
2025-02-06,0.7239342056400657,1.4371698463650135
2025-02-07,0.8095596731460368,0.09458860248014507
2025-02-10,0.771576112923113,0.5937322270801257
2025-02-11,0.7761039019797112,0.01197674770203511
2025-02-12,0.731734939381457,0.11642022608930064
2025-02-13,0.7013469046541245,0.2361968290142217
2025-02-14,0.6943124844118828,0.13546929231121543
2025-02-17,0.6772149556430505,0.16459512761306716
2025-02-18,0.6589940902639377,0.00021979585647615506
2025-02-19,0.62947223051947,0.38461070263518343
2025-02-20,0.6518995421912721,0.32463707557914406
2025-02-21,0.6630827590787529,0.001727247635993762
2025-02-24,0.6334189066299819,2.1380223437827317e-05
2025-02-25,0.6071770839198701,0.012535428653423419
2025-02-26,0.5848129703019084,0.5210409521474348
2025-02-27,0.6193950003346695,0.07979872368490112
2025-02-28,0.6014805861012716,0.37104741446233086
2025-03-03,0.6166470892413416,0.48551848981921836
2025-03-04,0.6405484866909754,1.6229694516002047
2025-03-05,0.7849475263435141,0.00133537307438214
2025-03-06,0.7391338633574543,0.7009508592280748
2025-03-07,0.771475277551334,0.0011154393178410117
2025-03-10,0.7275423752345794,0.8509271675237976
2025-03-11,0.7761788482054994,1.4859651479302154
2025-03-12,0.868739424814956,0.27906205754216384
2025-03-13,0.8324522588606112,0.00035069462282092426
2025-03-14,0.7806528027731677,1.0911042860770002
2025-03-17,0.8243852954327812,0.30748230028569246
2025-03-18,0.7967517676458226,0.08205376908558322
2025-03-19,0.7548969922647533,0.00029685896133889314
2025-03-20,0.7128177433643529,0.002915809390254933
2025-03-21,0.6768838780505577,0.40495361491067283
2025-03-24,0.692042007741727,0.010367580705892748
2025-03-25,0.6599863471398593,0.08894282234348568
2025-03-26,0.6371513676081039,0.08841467240392413
2025-03-27,0.6175008471670735,0.07333512163346674
2025-03-28,0.6043996105855831,0.0069069179132253584
2025-03-31,0.5835775081669055,0.7792583323206075
2025-04-01,0.6607164947470581,0.3648581999023431
2025-04-02,0.66443424233541,0.09305183735846947
2025-04-03,0.64663238285007,2.4538626537959916
2025-04-04,0.859896048016383,25.798537599682035
2025-04-07,2.090166307502494,20.07038656064928
2025-04-08,2.579593156173136,7.1278102965070405
2025-04-09,2.5504714312199606,8.783250978843366
2025-04-10,2.5874011128996006,8.994254506974022
2025-04-11,2.608719675267997,0.41109382620596746
2025-04-14,2.3749578673885394,4.466096737893987
2025-04-15,2.2972210772519204,1.9640315836087066
2025-04-16,2.1493703137713647,0.1028691987974731
2025-04-17,1.9548454788470888,1.4773055067683322e-06
2025-04-23,1.7764526540158654,0.7951790049677352
2025-04-24,1.648384909434695,0.0024970803783411167
2025-04-25,1.4989783196451725,0.008819793199974741
2025-04-28,1.3634877244332426,0.0005646997564726504
2025-04-29,1.240374320782675,0.2996151324628964
2025-04-30,1.1477850025516627,0.13713910660501533
2025-05-01,1.0548737471176168,0.0004998337985474564
2025-05-02,0.9631284126494489,1.3581472240159056
2025-05-07,0.9968799500984102,0.1972682554593722
2025-05-08,0.9367829228820351,0.1050743175523892
2025-05-09,0.8758742366682536,0.07374671821853747
2025-05-12,0.8152628911251054,0.34233306561218896
2025-05-13,0.7890500350825154,0.0005954992725822172
2025-05-14,0.7359923882424952,0.043385006386305096
2025-05-15,0.6975322804871303,0.3212866876015479
2025-05-16,0.6909842364993339,0.3441684567508156
2025-05-19,0.6882068714003086,0.028603027753270227
2025-05-20,0.6526966245673205,0.8759275002099294
2025-05-21,0.7152541206440073,0.003779945330208274
2025-05-22,0.6745692141599965,0.2901309030972131
2025-05-23,0.6801534242759525,0.05954667605474348
2025-05-28,0.6546831955750326,0.3543659118879269
2025-05-29,0.6723114009325262,0.011865603297647779
2025-05-30,0.6409711481007775,0.4086651713034045
2025-06-02,0.6555336765822974,0.0004687144917393934
2025-06-03,0.6240272221199155,0.020920286515656684
2025-06-04,0.5987120267062644,0.026440683308716524
2025-06-05,0.5779968859713464,0.012133578315090428
2025-06-06,0.5592993475657931,0.0929271318376015
2025-06-09,0.55293949735872,0.00401831530781832
2025-06-10,0.5393669102790938,0.05532853366415739
2025-06-11,0.5318860367792315,0.016273170057701486
2025-06-12,0.5211088648614434,0.053358744402085836
2025-06-13,0.5165055084783446,0.14961744177696412
2025-06-16,0.535859848547006,0.07704416831975519
2025-06-17,0.531389905351598,0.21650214980040958
2025-06-18,0.5579202608930539,0.011552223795812682
2025-06-19,0.541776507433271,0.3437804318960037
2025-06-20,0.5847779458540066,0.03790200324795994
2025-06-23,0.571368108764444,0.03629156875609051
2025-06-24,0.5600287136721928,0.00013035885353820248
2025-06-25,0.5428934677104332,0.2116139667539824
2025-06-26,0.5653336206734882,0.0370560313633198
2025-06-27,0.5503883374712627,0.5213088910639578
2025-06-30,0.5996352479919088,0.18633936717568042
2025-07-01,0.6059492155821731,0.07671760230766925
2025-07-02,0.5884990001839568,0.014574403696753
2025-07-03,0.5701025127174004,0.3038253154036263
2025-07-04,0.5871292525286909,1.1546206705858716e-05
2025-07-07,0.5654877120098247,0.03461732804248947
2025-07-08,0.5546140773693242,0.2918008696361626
2025-07-09,0.5733933093588437,0.020867987328988542
2025-07-10,0.5550434196362233,1.4846026434434503
2025-07-11,0.7128795443757707,0.14917879528920258
2025-07-14,0.6927103251001336,0.4038373841272206
2025-07-15,0.6952301680980157,0.4446232900049497
2025-07-16,0.7143755263815138,0.01715715157071314
2025-07-17,0.6763270775559788,0.26418634310903516
2025-07-18,0.6671219284097523,0.0471291551647159
2025-07-21,0.6364674585544875,0.05389868020342076
2025-07-22,0.6113767229039617,0.014340785107060237
2025-07-23,0.5863704454600941,0.17381891098125885
2025-07-24,0.5836576983695603,0.7141414319351868
2025-07-25,0.6458326099187005,0.039310252013120474
2025-07-28,0.6220776627359755,0.18269367818372476
2025-07-29,0.6232179902114816,0.36325444541693663
2025-07-30,0.6353194061611721,4.320968351874819e-05
2025-07-31,0.6058884273892302,0.002015064725446932
2025-08-01,0.5819612673964817,0.49765312101277864
2025-08-04,0.6345450450478689,0.4305462616512929
2025-08-05,0.6518247196518479,0.02484757910017224
2025-08-06,0.6212653904960499,0.05568238457270844
2025-08-07,0.5986658893279238,0.48346701732689673
2025-08-08,0.6449508657875063,0.003141652256916779
2025-08-11,0.6150844211615238,0.13920815480572973
2025-08-12,0.6028752249812097,0.03922519345705807
2025-08-13,0.581514253357626,0.03611264160614687
2025-08-14,0.5632822838532505,0.01712025656531548
2025-08-15,0.5460302959831279,0.17489940663222478
2025-08-18,0.5613950837777417,0.042230493508048195
2025-08-19,0.5470475784825953,0.11791160370471795
2025-08-20,0.5443998915732006,1.1459844173007097
2025-08-21,0.6673933750985795,0.051493167802773354
2025-08-22,0.6366226883365841,0.017152995418513693
2025-08-27,0.6075003119948152,0.012370154849205246
2025-08-28,0.58525525367403,0.17556811191144103
2025-08-29,0.5923619156286106,0.10277219136012716
2025-09-01,0.5871963301759334,0.009587027527520199
2025-09-02,0.5652278279709965,0.7557329252368046
2025-09-03,0.6547717311277633,0.44908735807374056
2025-09-04,0.6693331371987066,0.17888516670572582
2025-09-05,0.6516954842100384,0.008918633666509542
2025-09-08,0.6217879216981271,0.02052055053020789
2025-09-09,0.5953488683846754,0.05223508461651298
2025-09-10,0.5763184095416236,0.03429237557410308
2025-09-11,0.5630059216135664,0.6077244833911039
2025-09-12,0.6170227654255048,0.02369119184990961
2025-09-15,0.5951066958208265,0.00460833689579355
2025-09-16,0.5731370065658705,0.7747897028610782
2025-09-17,0.6622040367710332,0.01904810307913776
2025-09-18,0.6293381680277776,0.045666883244991546
2025-09-19,0.6041161873072274,0.015278378609284663
2025-09-22,0.582802891665782,0.0117592084073712
2025-09-23,0.561619932903158,0.0013587040828927318
2025-09-24,0.5440908345315562,0.08608157279680369
2025-09-25,0.5375189781159938,0.15545431699117063
2025-09-26,0.5508195950359064,0.5859239449939383
2025-09-29,0.6051631048273491,0.026057712016477032
2025-09-30,0.581494281809735,0.29444637930638123
2025-10-01,0.5931394559701751,1.0433790985253495
2025-10-02,0.6872496270271732,0.03926630450421371
2025-10-03,0.6564116734865325,0.45203889576931233
2025-10-06,0.6702397910212682,0.01654400786933457
2025-10-07,0.6386705725600805,0.0022526033326682377
2025-10-08,0.6081915810111205,0.4708780833456998
2025-10-09,0.6344092706322637,0.17182528492757862
2025-10-10,0.6309817528303663,0.7482032041822982
2025-10-13,0.6997094087336913,0.02664166894530833
2025-10-14,0.6618763288466947,0.01097875443356185
2025-10-15,0.6284550200695393,0.0880000968046455
2025-10-16,0.6143202638377582,0.014357445328390119
2025-10-17,0.5883143037919317,0.752479674670372
2025-10-20,0.6690531253069372,0.27294292363125444
2025-10-21,0.6612465809742099,0.06177010712041054
2025-10-22,0.632571956723036,0.8633361377039639
2025-10-23,0.6954292007612434,0.44380938089980254
2025-10-24,0.7002648366972077,0.48586609820171767
2025-10-27,0.7083544648356559,0.007221390798105446
2025-10-28,0.6679556703780309,0.19660724839325025
2025-10-29,0.6520527559152685,0.37296044824630264
2025-10-30,0.6578445017390616,0.0016803103434756101
2025-10-31,0.6246136593390987,0.19314480133828807
2025-11-03,0.6258975506097266,0.026815266116020538
2025-11-04,0.6030182820044235,0.019623459056788268
2025-11-05,0.5791443915797808,0.4059975591234084
2025-11-06,0.6039984759852395,0.17918995991730333
2025-11-07,0.6072692951089462,0.3002353038165832
2025-11-10,0.6262375265813899,1.1545523002425155
2025-11-11,0.7207043571486225,1.3039089726083086
2025-11-12,0.8029704810593362,0.014192824024566834
2025-11-13,0.7494825918063062,1.10624913125942
2025-11-14,0.824188151042367,1.2559343396037017
2025-11-17,0.8936891163937114,0.056374981475594874
2025-11-18,0.834997755531568,1.6395981345841926
2025-11-19,0.9349129732489334,0.22197845025770155
2025-11-20,0.8869897667075162,0.04549185930326928
2025-11-21,0.8246863068158622,0.015843080377169156
2025-11-24,0.7687250610144227,0.002532772809322012
2025-11-25,0.7206281879739234,0.6073708673969497
2025-11-26,0.7366214683156542,0.7237412186897692
2025-11-27,0.7603278725817886,0.0005634516309509265
2025-11-28,0.7125078815871185,0.0750867122363331
2025-12-01,0.677192036157148,0.03435362968488446
2025-12-02,0.6473483511559347,5.2083773029909164e-05
2025-12-03,0.6158099401619026,0.010006696864257559
2025-12-04,0.5913858251305542,0.037555564004124534
2025-12-05,0.5708828430930499,0.20529804241144217
2025-12-08,0.5847390352865007,0.05144049042536663
2025-12-09,0.5724391522622194,0.0010330945810247013
2025-12-10,0.5527476168815505,0.01957607277288564
2025-12-11,0.5366229374318583,0.24285646865193514
2025-12-12,0.5510857676060119,0.3137641129963019
2025-12-15,0.5850327255120263,1.112245784161004
2025-12-16,0.6890110069673053,0.46826148603330564
2025-12-17,0.7113210600527925,0.8461876926608848
2025-12-18,0.7532751128695198,0.41933614316241696
2025-12-19,0.7443700970873003,0.3648216625260946
2025-12-22,0.7317225128598971,0.10097351746371049
2025-12-23,0.7018754611948042,0.055167182286466436
2025-12-24,0.6657660854503679,0.03506179934144975
2025-12-30,0.6374714380067504,0.561342557707576
2025-12-31,0.6669155424163309,0.008760323753686915
2026-01-02,0.63418660527033,0.039265967156577646
2026-01-05,0.6069115778442276,0.2874986021750992
2026-01-06,0.6120610896629625,1.3772190876611266
2026-01-07,0.7344110899716131,0.5456647723584144
2026-01-08,0.7556509664391804,0.0012136985309956607
2026-01-09,0.7083642479345859,0.6277259472848781
2026-01-12,0.7287738650215742,0.025248609792506798
2026-01-13,0.6860946517745817,0.0010592096367142468
2026-01-14,0.6489754641486015,0.21396014165280933
2026-01-15,0.6378394950526595,0.2848414519148188
2026-01-16,0.636503035659619,0.001237064862111179
2026-01-19,0.6068257918989779,0.15255541570253875
2026-01-20,0.6058572300796559,0.4558033263341889
2026-01-21,0.645795296000093,0.012436926002583223
2026-01-22,0.614363917521059,0.013993797439864227
2026-01-23,0.587854919024488,0.0043590758834126525
2026-01-26,0.5664855612082019,0.0029384804766765986
2026-01-27,0.5467112260768082,0.3348648806575181
2026-01-28,0.5702523683757521,0.2750968134848115
2026-01-29,0.5941941915853519,0.029310083307325437
2026-01-30,0.5720657786665667,0.25703131132961105
2026-02-02,0.5804224787207554,1.3191823356309738
2026-02-03,0.7071058141971005,0.06834192182726044
2026-02-04,0.6767987126906507,0.7168310126016024
2026-02-05,0.713129945984126,0.8082364877576828
2026-02-06,0.7675768870771058,0.3435129078411948
2026-02-09,0.7484337975050508,0.024973604662864864
2026-02-10,0.7026965093432277,0.09762109756500224
2026-02-11,0.6771429942587225,1.2907135103960048
2026-02-12,0.7701365945305457,0.44595072676073205
2026-02-13,0.7730109407706669,0.17815764974388906
2026-02-16,0.7374259833654144,0.06811645340406164
2026-02-17,0.6971147640193576,0.6155990103896362
2026-02-18,0.718293556347862,1.4981329596218085
2026-02-19,0.8184138592817317,0.30861083926166366
2026-02-20,0.7978138070205812,0.31593353263766233
2026-02-23,0.7709014003818149,0.0004239438763265547
2026-02-24,0.7213808971196732,0.0014734447486469259
2026-02-25,0.6791896351448836,1.371150178905039
2026-02-26,0.7787215025989409,0.13855643169282866
2026-02-27,0.7386575847277517,0.3450215707822313
2026-03-02,0.7246298180487515,1.4479194123632257
2026-03-03,0.8394792727909052,7.751780297314642
2026-03-04,1.3620346976602882,0.6308189587542152
2026-03-05,1.2720780266423004,2.1493635811167318
2026-03-06,1.3042994586099181,1.556114441357216
2026-03-09,1.2927134533707363,0.11820766940822948
2026-03-10,1.1866609079938186,2.4804014824622747
2026-03-11,1.2398889583957375,0.3163647487981957
2026-03-12,1.1555597482973643,0.22136479804539105
2026-03-13,1.075611759011484,0.18308387532900808
2026-03-16,1.0034039765025609,0.30151903837978444
2026-03-17,0.9433608877643418,0.6874029333927247
2026-03-18,0.9229630522750953,0.9012759605816996
2026-03-19,0.938579928708623,5.63743837054934
2026-03-20,1.2881094536423943,2.112226436925293
2026-03-23,1.31430813394694,0.05918366655008027
2026-03-24,1.2016327656830688,0.5112674284202853
2026-03-25,1.1282180246626121,1.9907522473115777
2026-03-26,1.1637148629205678,1.7975312186455505
2026-03-27,1.1959046113127982,0.0023177907745071205
2026-03-30,1.0927327438557455,2.5549012915193816
2026-03-31,1.1727892639646602,0.22822358422299607
2026-04-01,1.0851229327924825,3.3614620961426556
2026-04-02,1.2179106607157117,0.47261000187288527
2026-04-08,1.1398451955114524,6.161692256864737
2026-04-09,1.4166114595473647,0.002592571410122743
2026-04-10,1.2878923371699278,0.000800694629280886
2026-04-13,1.1742327355428608,0.027298629990584494
2026-04-14,1.0767685654844477,0.060670904854243694
2026-04-15,0.9904938601191895,0.21871754776224586
2026-04-16,0.9338764461609257,0.08264462580069581
2026-04-17,0.8668046680632482,0.5330334629416144
2026-04-20,0.8473036759772368,0.30238859278048985
2026-04-21,0.8211758457189542,1.1062486092182011
2026-04-22,0.8785173222579996,0.042419420783772366
2026-04-23,0.8201426683068085,0.03470929333766825
2026-04-24,0.7687514420944532,0.5591269931198183
2026-04-27,0.7840955484034307,0.3140285986828464
2026-04-28,0.7701552692394912,0.012836368969735562
2026-04-29,0.7206492905832114,1.3577168928293448
2026-04-30,0.8282082834814113,2.590192036601668
2026-05-01,0.9848216101986657,0.020638015736165687
2026-05-06,0.9100094786614188,4.520553066300901
2026-05-07,1.1729999395764228,2.4372466781743767
2026-05-08,1.2460341843792089,0.1832578334557512
2026-05-11,1.1512152822779504,0.12539470599012584
2026-05-12,1.059723566490577,0.0015950529539442283
2026-05-13,0.9732294037577632,0.3407827786297014
2026-05-14,0.9212311623427591,0.21065867488573722
2026-05-15,0.866522921978814,2.979075019343278
2026-05-18,1.0633509344271512,1.5663057956550408
2026-05-19,1.0845565424793497,0.004335385866930168
2026-05-20,0.9947423832754725,0.9596978275791195
2026-05-21,0.9861794255921993,0.011513968052030915
2026-05-22,0.9088010266073062,0.047557918610144065
2026-05-27,0.843415537283868,0.01678121066103928
