Date,forecast_volatility,realized_variance
2022-01-05,1.126491490949768,0.010732048846654471
2022-01-06,1.0624713002344788,8.530008253760442
2022-01-07,1.4692312094301718,0.0010680464735956488
2022-01-12,1.3717988941101091,3.63416266910216
2022-01-13,1.439198971237863,0.9330939561069573
2022-01-14,1.3951560383292194,1.6613678656289734
2022-01-17,1.392853562957478,0.5494225496955344
2022-01-18,1.323831087884954,0.07265599798750948
2022-01-19,1.2468853481036133,8.040846850198681
2022-01-20,1.5643535793458434,1.2250326333711348
2022-01-21,1.5030912751448597,0.8220451890920254
2022-01-24,1.4458156244910492,0.057559336153239694
2022-01-25,1.352334868861604,2.79049155269658
2022-01-26,1.4107077032456292,0.19652384501778697
2022-01-27,1.3324475455825042,10.005328558035947
2022-01-28,1.6983399372922694,4.2797584749872595
2022-01-31,1.7322365242129498,1.1230545991651226
2022-02-01,1.6477682396589484,0.08003918760993647
2022-02-02,1.5357676330152925,2.778131920322511
2022-02-03,1.539624303963518,1.139016503081999
2022-02-04,1.4928845413016563,0.5280719212403735
2022-02-07,1.412744170447593,0.48852077850055664
2022-02-08,1.3499905598636381,0.01709478842422728
2022-02-09,1.2646112526444835,1.1592045967503841
2022-02-10,1.239235768938628,0.1768002448780809
2022-02-15,1.170593073521751,0.6318541876550939
2022-02-16,1.146020313169739,4.802060798277449
2022-02-17,1.315885625534124,0.6922760955720724
2022-02-18,1.2759195515950221,0.16620860171905455
2022-02-21,1.210765158377839,0.611138823084309
2022-02-22,1.1797643261544917,2.9890511255257293
2022-02-25,1.2826291833205696,3.7187014921079036
2022-02-28,1.3705533125338014,0.036052946073352465
2022-03-01,1.2844957037932982,1.4191650316796591
2022-03-02,1.2685681941614453,2.8795531872272684
2022-03-03,1.347082430500629,0.48391334942352227
2022-03-04,1.2814270806064159,5.070945004152419
2022-03-07,1.458465475472231,8.906834084883094
2022-03-08,1.7446083858526293,2.963427105293088
2022-03-09,1.7445115818361172,0.08796892895984681
2022-03-10,1.6266912931195807,14.903241290573721
2022-03-11,2.0296589290889817,4.306249944362337
2022-03-14,2.0333210319796335,0.3304776118953883
2022-03-15,1.8912878972954879,0.023264608397136025
2022-03-16,1.754971878984441,2.6442123231130705
2022-03-17,1.721984330630802,11.557751970800425
2022-03-18,1.9922137892608236,0.42604978798118576
2022-03-23,1.8580580328919332,8.723055375724103
2022-03-24,2.007497226035839,0.06257538599684345
2022-03-25,1.8617882320309858,0.019666810522114612
2022-03-28,1.728685906273937,0.5392070292522383
2022-03-29,1.6334839185723022,1.2057185145387184
2022-03-30,1.5634481520019758,0.640298223558137
2022-03-31,1.490536319141037,0.5432685561414554
2022-04-01,1.420974314565331,0.3139427379396348
2022-04-04,1.3468648057476316,0.06475307690784841
2022-04-05,1.2609248245602742,0.03442475349811706
2022-04-06,1.1816941154921148,2.5204876261918012
2022-04-07,1.2647667657547135,2.898923522487751
2022-04-08,1.3472103610223,0.13028705472497898
2022-04-11,1.2658037515844929,0.3728687265741837
2022-04-12,1.2133473361564817,3.3512507200878012
2022-04-13,1.3285569945684763,3.6577445693191843
2022-04-14,1.405594399525372,1.4795533352591361
2022-04-15,1.3756756010854088,0.08436972569623116
2022-04-18,1.2947331921020446,1.186200467869785
2022-04-19,1.2837499749792451,0.4751874182109609
2022-04-20,1.2244609789290632,0.7376247398201081
2022-04-21,1.1844738908974688,1.498329333717701
2022-04-22,1.1874543560327335,2.68495218782959
2022-04-25,1.2737715417887339,3.6723143937360923
2022-04-26,1.3896907598883652,0.16835832711588047
2022-04-27,1.3061824468814296,1.3948051217050257
2022-04-28,1.3041672206337294,3.003339296037177
2022-05-09,1.3570169290115284,6.5867709291467245
2022-05-10,1.580879368422075,0.33653256087200717
2022-05-11,1.4917083858657345,0.031578294414892676
2022-05-12,1.3935417326622226,3.2022978603557335
2022-05-13,1.4627318487503609,6.773464759822896
2022-05-16,1.635346800988102,0.20320571889752254
2022-05-17,1.5286075991822223,0.17946047309794502
2022-05-18,1.4319043702526775,0.8812685426393142
2022-05-19,1.3734724419479543,3.637012710574517
2022-05-20,1.466274928615145,1.6009069761712202
2022-05-23,1.433506709251839,0.9543089686367935
2022-05-24,1.3779798379043031,0.8889061159339815
2022-05-25,1.340271013421754,0.06933602253412231
2022-05-26,1.2622266949419194,0.0750014856458177
2022-05-27,1.192329788733538,0.43889455827402607
2022-05-30,1.1416401921938963,4.712644291843918
2022-05-31,1.3082200022244967,0.10759420024101676
2022-06-01,1.236334097235287,0.4234171144884771
2022-06-02,1.180429379850066,0.02573121695406139
2022-06-03,1.1158370902055534,1.5884104521373146
2022-06-06,1.1343542361341303,0.30729080132208
2022-06-07,1.084260487770504,0.010092354436308322
2022-06-08,1.0261511884784291,1.0684267938743268
2022-06-09,1.031154500846999,0.0018786138121348243
2022-06-10,0.9786846011077001,2.2684115446040782
2022-06-13,1.0884758680237667,9.32556874469344
2022-06-14,1.5120391613222062,1.7791380048309327
2022-06-15,1.4982026579819223,1.3156070619503608
2022-06-16,1.465084963492739,0.15856112294118316
2022-06-17,1.3740955506387302,3.194317401309041
2022-06-20,1.446378141957531,0.5496820954642437
2022-06-21,1.383259007858637,3.336845993595744
2022-06-22,1.435751398440119,0.13641327201567374
2022-06-23,1.352416576436289,0.006880174802789045
2022-06-24,1.2680833594632162,1.4835763083199387
2022-06-27,1.25792264829785,2.0209391471394005
2022-06-28,1.2740592456144955,0.43689047229737077
2022-06-29,1.2147959818354734,0.8269970367158392
2022-06-30,1.195849426141889,2.394198098131165
2022-07-01,1.2642106888521547,3.056561005054222
2022-07-04,1.3515183955196064,0.7018449011294005
2022-07-05,1.2953692783109336,1.052216047053972
2022-07-06,1.261685293287784,1.4458300124360395
2022-07-07,1.2690637326788536,2.1196140320232435
2022-07-08,1.2879103670186058,0.010118292197387888
2022-07-11,1.2100483491448213,1.2249144388798465
2022-07-12,1.195889228269114,3.203697521804207
2022-07-13,1.3049075379293813,0.28959156737680003
2022-07-14,1.2361069037782033,0.38413358883617654
2022-07-15,1.1789518158567707,0.29490156736347317
2022-07-20,1.1239047962707314,6.918440345004816
2022-07-21,1.39034445882841,0.19575432533178602
2022-07-22,1.3091310914089835,0.16064672504642852
2022-07-25,1.2349875630024092,0.6001085641777136
2022-07-26,1.2009014550019457,0.025318096644686004
2022-07-27,1.1354062035329504,0.04781537859466264
2022-07-28,1.074361403958673,0.12901554826456701
2022-07-29,1.022940107289693,0.002476882323671085
2022-08-01,0.9730054845867208,0.4722347374447048
2022-08-02,0.9517092439500343,2.056969385917885
2022-08-03,1.0534535546827544,0.2829272186637516
2022-08-04,1.0123557923761575,0.4673359574555636
2022-08-05,0.9860302371983999,0.7544295056628693
2022-08-08,0.9793379600308685,0.06763408953373294
2022-08-09,0.9355814530630931,0.7856070668062531
2022-08-10,0.9568016426465289,0.4188690650989818
2022-08-15,0.9483407218024152,1.2799427593898955
2022-08-16,0.9781904240272421,9.87642411320213e-05
2022-08-17,0.9330676337754715,1.4842405027484789
2022-08-18,0.9775542901069393,0.931128061091673
2022-08-19,1.0013897156258915,0.0016659270161424257
2022-08-22,0.9541725337971618,0.2214767638141031
2022-08-23,0.9313093040912512,1.4255356992545356
2022-08-24,0.9961735954796954,0.24079912410171161
2022-08-25,0.9692376996147546,0.33984568427911127
2022-08-26,0.9413902567807442,0.32321940439686964
2022-08-29,0.916039722959556,7.279333070584163
2022-08-30,1.3091786246807804,1.2752992340443419
2022-08-31,1.2838574912783478,0.13668906708975412
2022-09-01,1.216781000731329,2.380104346435138
2022-09-02,1.2794044369718958,0.0014775872932501835
2022-09-05,1.203594776198276,0.012771182192111444
2022-09-06,1.1370475756757052,0.0006240275985719329
2022-09-07,1.0756363477974695,0.5080182919589528
2022-09-08,1.0566642261932782,5.237200132931696
2022-09-09,1.264722551352064,0.2821405826239124
2022-09-12,1.2008171600632027,1.3307071096002299
2022-09-13,1.1931211092711402,0.06439600457507977
2022-09-14,1.1278075944341155,7.959511235998105
2022-09-15,1.4687057535015329,0.04232610105668418
2022-09-16,1.3754767100303706,1.236517889742394
2022-09-21,1.355729284261765,1.8623247568331536
2022-09-22,1.3683477082903912,0.34216217005643207
2022-09-27,1.305031025270395,0.2803388143463432
2022-09-28,1.2376283132238064,2.276266109294711
2022-09-29,1.289620409431246,0.8898362011541704
2022-09-30,1.250386407383144,3.43000216944496
2022-10-03,1.3547822099570717,1.1413101602370808
2022-10-04,1.3183633138191273,8.518503439621528
2022-10-05,1.5854429248880513,0.2249262600836623
2022-10-06,1.4876883315722338,0.49134279643633105
2022-10-07,1.4098364164397559,0.5144578066331195
2022-10-12,1.3511342151470085,0.00028031924746208637
2022-10-13,1.2700233166284125,0.3669084756597931
2022-10-14,1.2192942729154834,10.243884266653545
2022-10-17,1.5787980308328973,1.367640355229013
2022-10-18,1.5387006385613116,1.9895409478583
2022-10-19,1.5125040959196012,0.13846933650220705
2022-10-20,1.4201600458034775,0.8518729531184732
2022-10-21,1.376926812391099,0.18650331580616095
2022-10-24,1.3054638181387201,0.0980175943951942
2022-10-25,1.231310899136583,1.0316367395446266
2022-10-26,1.2058076632430186,0.4409765282955136
2022-10-27,1.156098022527198,0.09997578540343582
2022-10-28,1.1016738670639763,0.7773806943782869
2022-10-31,1.0960931194283638,3.110211967842252
2022-11-01,1.1919427538730147,0.10954472812033134
2022-11-02,1.1295009624813732,0.0031495537548534335
2022-11-07,1.0707082356892372,1.4359685386068228
2022-11-08,1.0878769291475943,1.5465189063616052
2022-11-09,1.1077023662289551,0.3137297068779683
2022-11-10,1.0731684574552567,0.9606547674227816
2022-11-11,1.0826831838731543,8.614013782141283
2022-11-14,1.4234145948195394,1.1394850751852794
2022-11-15,1.393229251484396,0.009107526972480373
2022-11-16,1.3083676328552267,0.018533217185760963
2022-11-17,1.2320960805328092,0.12200649447277649
2022-11-18,1.172325002708846,0.012174272018151725
2022-11-21,1.1109655172466402,0.02599563269090959
2022-11-22,1.0539664933081374,0.3719567637503503
2022-11-25,1.0186479623337303,0.12472103254316814
2022-11-28,0.9816954618779078,0.18138460148201038
2022-11-29,0.9531844503407568,0.23085428772313613
2022-11-30,0.9318349670388,0.04417947946407897
2022-12-01,0.8979355530525608,0.8372197292779084
2022-12-02,0.9098359379584546,2.5617991778060167
2022-12-05,1.0477628625869262,0.023373028209045233
2022-12-06,0.997092432106236,0.055248480348658424
2022-12-07,0.9529034343812017,0.5153439558975427
2022-12-08,0.9519036249602362,0.16422345410123393
2022-12-09,0.925818300461641,1.3862702403655525
2022-12-12,0.9650439466607807,0.044325120537687175
2022-12-13,0.9279341857876406,0.1626643948186243
2022-12-14,0.8964982998068437,0.5151324392518857
2022-12-15,0.8891354967604439,0.13829169376080733
2022-12-16,0.868717535136287,3.5636147978393704
2022-12-19,1.075677833761495,1.1176308500874126
2022-12-20,1.0936528948664996,6.19575640298124
2022-12-21,1.3651037945519884,0.46373508425025867
2022-12-22,1.3081395290296787,0.2063758195818564
2022-12-23,1.2376189361664856,1.0686827422709164
2022-12-26,1.2284088571390188,0.4202118600916345
2022-12-27,1.1759863807642472,0.025258487160895578
2022-12-28,1.112641121181947,0.16547929167517014
2022-12-29,1.0681412072399392,0.8864082192372942
2022-12-30,1.0733688456418946,1.0119377421825198e-05
2023-01-05,1.0203028848033382,0.16270052360672285
2023-01-06,0.9788584277975555,0.3492631162873603
2023-01-11,0.9517948007085204,1.0565262455299484
2023-01-12,0.9680026155881888,0.00020864839994594363
2023-01-13,0.9256512280625876,1.5791579711699493
2023-01-16,0.9987092066004521,1.3095742878627161
2023-01-17,1.0406144727592948,1.4827814374912194
2023-01-18,1.0653905021233523,6.078325167488923
2023-01-19,1.3045535391264755,2.104920138614255
2023-01-20,1.3365590697279566,0.3136621307462587
2023-01-23,1.267422919042828,1.7392579223048457
2023-01-24,1.2688776283199141,2.104312749161851
2023-01-25,1.2860682848939884,0.12277035436481425
2023-01-26,1.2147840166536485,0.01388325060911721
2023-01-27,1.1490066860756498,0.005237923013322317
2023-01-30,1.087849252826952,0.0344076166602328
2023-01-31,1.0334221493059317,0.15070207465671773
2023-02-01,0.9967471282840195,0.005230907486706745
2023-02-02,0.9507802052613596,0.04061755016575908
2023-02-03,0.9104976823041177,0.15304706156294173
2023-02-06,0.8801847227003278,0.4453132522703255
2023-02-07,0.8709938120970517,0.0008726524330922258
2023-02-08,0.8390532629048338,0.08167677939405459
2023-02-09,0.8197974572057919,0.006420312275388217
2023-02-10,0.7945963010462654,0.09832355963356636
2023-02-13,0.7747374639571983,0.7822728889924018
2023-02-14,0.8255763688280413,0.4065981217161568
2023-02-15,0.8217575556738465,0.1341388428088129
2023-02-16,0.8095513599008116,0.49706015330396813
2023-02-17,0.8140427072797797,0.44096091836047063
2023-02-20,0.8293613305521123,0.004670203616459982
2023-02-21,0.8010552347966841,0.04577184191568723
2023-02-22,0.7826140783420928,1.8263342862910918
2023-02-27,0.9093800279114808,0.011574207911404647
2023-02-28,0.8741443332653749,0.0061985410957528
2023-03-01,0.8406670004972009,0.06669116599087677
2023-03-02,0.8135434548567217,0.004121739871670946
2023-03-03,0.7884074537903831,2.391951689698648
2023-03-06,0.9212551315324233,1.2210151230195956
2023-03-07,0.9526199978843113,0.06373907974469728
2023-03-08,0.9123383660704554,0.22643035368010767
2023-03-09,0.8855602270672025,0.3933725704712511
2023-03-10,0.8720872338138695,2.850254776067621
2023-03-13,1.039530933304788,1.2348062042742538
2023-03-14,1.0711372562922847,4.925762432937097
2023-03-15,1.2948694762299544,0.0007470505995846011
2023-03-16,1.21605294888471,0.6513294595716594
2023-03-17,1.1866335662277976,1.4146492469431653
2023-03-20,1.1853158794877772,2.0451911102499607
2023-03-23,1.2355357377514278,0.02933116379561332
2023-03-24,1.166843445539874,0.01572216973043553
2023-03-27,1.1045338581357764,0.11155475033752447
2023-03-28,1.0504880246051,0.022647010008039425
2023-03-29,0.9985785757651204,1.74126805172311
2023-03-30,1.0451024833494462,0.1312859615166576
2023-03-31,1.0049572835482343,0.8580441305015719
2023-04-03,1.001905092787079,0.27215330811729954
2023-04-04,0.9672088690425797,0.12358665495000845
2023-04-05,0.9286994952995414,2.8575546398865215
2023-04-06,1.080050644751543,1.5184670132734779
2023-04-07,1.1203604502199151,0.027600956356343714
2023-04-10,1.0613024825551487,0.17497316329242762
2023-04-11,1.015102084276247,1.0877116017201565
2023-04-12,1.0230691724822545,0.32373354312889147
2023-04-13,0.988740495044274,0.06976204091465851
2023-04-14,0.9455040291572647,1.4113468158580575
2023-04-17,0.9830247681612302,0.005588486317030726
2023-04-18,0.9381654172558522,0.2539228857217717
2023-04-19,0.9101714765024372,0.03307144127512807
2023-04-20,0.8777710086055315,0.031491952595675596
2023-04-21,0.8449527290132745,0.1061153860823763
2023-04-24,0.8270942170671485,0.010403907154389599
2023-04-25,0.7991551850372868,0.008614226095408298
2023-04-26,0.7742574121532672,0.5096959724029643
2023-04-27,0.8019999918755374,0.020999749856120895
2023-04-28,0.7771086251862632,1.9363034821248963
2023-05-01,0.8839978974676399,0.8466276731005147
2023-05-02,0.8987828357938719,0.01423645484237823
2023-05-09,0.8625712164875716,1.013645339608926
2023-05-10,0.8912665255041983,0.17090052842729062
2023-05-11,0.8728457382313225,0.0002431031146381175
2023-05-12,0.8397588676063954,0.7993562406497965
2023-05-15,0.8586370511619225,0.6507911383374954
2023-05-16,0.8648651413173192,0.5308804034361216
2023-05-17,0.8625033927788369,0.6992651982194571
2023-05-18,0.871028330590467,2.507626724230583
2023-05-19,0.9880470953882532,0.5834010761733757
2023-05-22,0.9712030651155337,0.8096761664542077
2023-05-23,0.9695309265741705,0.17305122745842774
2023-05-24,0.9413949802443048,0.7966788374971885
2023-05-25,0.961957503688687,0.14846300199722165
2023-05-26,0.9247380559390536,0.13931470661322895
2023-05-29,0.8914151491588354,1.0421537812968005
2023-05-30,0.916117824164584,0.09149966614491109
2023-05-31,0.8812558851183345,2.003209055841226
2023-06-01,0.993719507741412,0.7033253463111608
2023-06-02,0.9828944944810767,1.4413948199434827
2023-06-05,1.0147284862687267,4.731251057484446
2023-06-06,1.2098053272888887,0.799425644189824
2023-06-07,1.1745988518639672,3.390023305607225
2023-06-08,1.2963233494096889,0.7351997627176555
2023-06-09,1.261040774691081,3.8126668623984026
2023-06-12,1.3548830964518654,0.27237308393101695
2023-06-13,1.2794046759755304,3.1916718345754105
2023-06-14,1.3420766988158248,2.1156356948852606
2023-06-15,1.3472908989303107,0.0025560269258387753
2023-06-16,1.2643275414563822,0.43112638903649075
2023-06-19,1.2057483836287106,1.0016498521297956
2023-06-20,1.1975741011732919,0.003067814717268364
2023-06-21,1.1291933792966993,0.30937147598234865
2023-06-22,1.0803816759366143,0.8618853158744831
2023-06-23,1.0829850780152293,2.1423092114838753
2023-06-26,1.1589817118075165,0.06384824119387048
2023-06-27,1.1007732172315143,0.24205623668967044
2023-06-28,1.0613192652047914,3.980025892113536
2023-06-29,1.2073403674221355,0.01461429464479637
2023-06-30,1.1382725054291394,0.01844182843777144
2023-07-03,1.0789733570429398,2.8423771197417227
2023-07-04,1.1648826379959047,0.970050331631105
2023-07-05,1.1608598729747346,0.0630536869813652
2023-07-06,1.1026973131768254,2.928636440227452
2023-07-07,1.2156005478510792,1.3934982133410314
2023-07-10,1.2265470143191797,0.37865278622219484
2023-07-11,1.1804987783028669,0.0018477406095146675
2023-07-12,1.114432556795998,0.6553156738859701
2023-07-13,1.0991011944381022,2.182321809670943
2023-07-14,1.1484820410155248,0.007503477640864746
2023-07-19,1.0872304685540317,1.5128825094280698
2023-07-20,1.1049675826177472,1.5385127122971591
2023-07-21,1.142223071133946,0.3305720480714513
2023-07-24,1.103593845427164,1.4896218180157272
2023-07-25,1.117507359255375,0.003178046898632855
2023-07-26,1.059016385031225,0.0018805827161675762
2023-07-27,1.006477759503673,0.46206346273536747
2023-07-28,0.980761522755795,0.16153684598039958
2023-07-31,0.950408048881484,1.5695008844903735
2023-08-01,0.9953532343122321,0.8341703869339668
2023-08-02,0.9914122957929361,5.399038945627957
2023-08-03,1.2596323132509013,2.859199487398541
2023-08-04,1.336025948912225,0.010820946451514157
2023-08-07,1.25377660082151,0.036793900771342355
2023-08-08,1.180965014189668,0.1442310712816429
2023-08-09,1.1199590145368106,0.28689994340553215
2023-08-10,1.0814865615860934,0.6935700472011784
2023-08-15,1.0583709835702115,0.3099329648795449
2023-08-16,1.018609855183494,2.1759638123139258
2023-08-17,1.1084222888976276,0.1973839701549641
2023-08-18,1.0655731065506326,0.3087387386038724
2023-08-21,1.0351757475489962,0.1329379940292007
2023-08-22,0.989552096214116,0.8425142062544895
2023-08-23,0.9872140839618028,0.23120756638395057
2023-08-24,0.951857898975306,0.7421368539756779
2023-08-25,0.9493525929702676,4.303985017013366
2023-08-28,1.1733018531392516,2.9271377250697355
2023-08-29,1.2436478166064457,0.03131709780356794
2023-08-30,1.1718015595126008,0.1088297155687839
2023-08-31,1.1105164529937306,0.7748792982168564
2023-09-01,1.0876617851886108,0.07808729118197684
2023-09-04,1.0341241270022898,0.4848408841232854
2023-09-05,1.0063828392785092,0.08750424885417944
2023-09-06,0.9619052135657498,0.37991301484248624
2023-09-07,0.9375698916196064,0.569643980656276
2023-09-08,0.9429366424847536,1.372432760892753
2023-09-11,1.0003037090106413,0.18271245644604428
2023-09-12,0.9695489149769877,0.894967565204938
2023-09-13,0.9729811958023444,0.0455152451899845
2023-09-14,0.9348149529592956,1.9639740017206737
2023-09-15,1.0040636358557833,1.1977310809119257
2023-09-20,1.018454230919323,0.436119516153654
2023-09-21,1.0028892255260378,1.9057041774776478
2023-09-22,1.0801165907811057,0.2694039566921757
2023-09-25,1.045431719398538,0.7204966775116622
2023-09-26,1.0285246529788203,1.251696653908149
2023-09-27,1.0621017739074166,0.03089454616518227
2023-09-28,1.0094630528818136,2.4169654716131386
2023-09-29,1.113789814509491,0.002186581090652163
2023-10-02,1.0560691988997362,0.0944141033378708
2023-10-03,1.0123796227534712,2.745821630103162
2023-10-04,1.1335835110694188,5.301841994862642
2023-10-05,1.3507029847623953,3.171094417227727
2023-10-06,1.3987388691999618,0.06759742053828406
2023-10-11,1.3160453699697459,0.3559859985319297
2023-10-12,1.2497453786097426,3.0018718679037724
2023-10-13,1.307868721083365,0.30399912060758366
2023-10-16,1.2486800353718257,4.218409778387596
2023-10-17,1.387017250601593,1.43298863703284
2023-10-18,1.357057892033683,3.745485097264557e-05
2023-10-19,1.2743079429825925,3.714406195802117
2023-10-20,1.3841916964688823,0.29852217746771886
2023-10-23,1.316306639397156,0.6965768380886264
2023-10-24,1.2766332489410965,0.04095559379944425
2023-10-25,1.2025137592985875,0.44357575505741154
2023-10-26,1.1527939629931159,4.6649331803572975
2023-10-27,1.3341519141013491,1.6029920323297335
2023-10-30,1.3186997128861533,0.913062225750596
2023-10-31,1.289663689438103,0.27666664621171666
2023-11-01,1.2234816216800009,5.6576324773441415
2023-11-02,1.3984442630194303,1.2010868331917617
2023-11-07,1.3577961824904974,1.8063286195112374
2023-11-08,1.3657691378073749,0.1068951362976715
2023-11-09,1.2900940789829443,2.1938126608898676
2023-11-10,1.306079942375547,0.05773862779582184
2023-11-13,1.2335884949236233,0.0027232411562448542
2023-11-14,1.1632835898330502,0.11527243040964893
2023-11-15,1.1033825935854036,6.19149088673593
2023-11-16,1.3328840528579604,0.0810442019598289
2023-11-17,1.2595337334544954,0.23030347542604176
2023-11-20,1.1950541868995266,0.3466831467155781
2023-11-21,1.151910767850881,0.01031379635281476
2023-11-22,1.091876261501769,0.08552795125241971
2023-11-27,1.038535104189133,0.28126614265695576
2023-11-28,1.0099543669950357,0.013808582522228833
2023-11-29,0.9647005192500973,0.06826154208792948
2023-11-30,0.929202851903626,0.24598067179600838
2023-12-01,0.9016455952132507,0.02739414878333374
2023-12-04,0.8696205298513575,0.36091664176286237
2023-12-05,0.8698008280727196,1.9044629470429684
2023-12-06,0.9770737805209024,4.09580829325963
2023-12-07,1.1476621163355785,3.1415872140283683
2023-12-08,1.2590163401881376,2.8541106234430034
2023-12-11,1.3336557207012008,2.2105691926091926
2023-12-12,1.3441254482878235,0.0250087014470043
2023-12-13,1.2618352694030799,0.06317051837552874
2023-12-14,1.1894873878076693,0.53564779938342
2023-12-15,1.1571109922455278,0.7500014303030275
2023-12-18,1.1271178656774028,0.4144301813572099
2023-12-19,1.0956220365510292,1.947873289286529
2023-12-20,1.1333623893309404,1.8632023818119259
2023-12-21,1.1602834064532814,2.5691348901015933
2023-12-22,1.2400893639932218,0.007431807678351415
2023-12-25,1.1685303538355947,0.06547276224841567
2023-12-26,1.1060957804571292,0.024245722199041336
2023-12-27,1.0487583703862609,1.2561591556618377
2023-12-28,1.0593919001926326,0.17753545024491307
2023-12-29,1.0211633730685414,0.050719046068187966
2024-01-05,0.9779751853007161,0.07150405972946226
2024-01-10,0.9359944210799669,3.9591980235162696
2024-01-11,1.1115310032103283,3.0635561809578484
2024-01-12,1.1994943569545573,2.229298223513755
2024-01-15,1.232112122122949,0.8253164506620482
2024-01-16,1.1956802340290766,0.6245552516398194
2024-01-17,1.1677205798069485,0.15828530893884601
2024-01-18,1.1158266590206194,0.0010653837802777296
2024-01-19,1.0579438388622153,1.9373270273955898
2024-01-22,1.1014860793357355,2.5919670795558885
2024-01-23,1.16876101072017,0.006467228703899866
2024-01-24,1.1060502924715099,0.6405068384632925
2024-01-25,1.0911879146961132,0.0007599928576784277
2024-01-26,1.035410923386569,1.8186756360980356
2024-01-29,1.1003362074284488,0.5908725487301311
2024-01-30,1.0698225184237031,0.011656726575558114
2024-01-31,1.0162567432326575,0.37269684252503626
2024-02-01,0.9851738741743143,0.5797813102570538
2024-02-02,0.9838310611729956,0.16495922438345567
2024-02-05,0.9459773720483641,0.29266804014738157
2024-02-06,0.9192744588034493,0.2848199732573263
2024-02-07,0.9067452671567334,0.012706390716001999
2024-02-08,0.8731553086088595,4.149940163674885
2024-02-09,1.0763061143297898,0.008569448872894554
2024-02-14,1.02194605290925,0.474632342820544
2024-02-15,1.0084853941348755,1.4365787279226108
2024-02-16,1.0347448375915569,0.7383645900747833
2024-02-19,1.020231706780026,0.0019197281002239135
2024-02-20,0.9729683986378949,0.07724110328162843
2024-02-21,0.9379993839754148,0.07011456025852451
2024-02-22,0.9065289923638215,4.677390891238735
2024-02-27,1.1244403187505532,0.00021915881151254258
2024-02-28,1.0654953033578787,0.006444647555852639
2024-02-29,1.0142886557896,0.011399707000880617
2024-03-01,0.9692623509375046,3.547030717168485
2024-03-04,1.1114701479469788,0.24591890947721753
2024-03-05,1.0633926782674137,0.0008368930148278009
2024-03-06,1.0118763663042676,0.0002916894280011949
2024-03-07,0.965772376844303,1.5251875107211836
2024-03-08,1.0265804514812316,0.05180309118456895
2024-03-11,0.9796357773715989,4.894908074596328
2024-03-12,1.2177372620716955,0.003505138882088353
2024-03-13,1.1506961525688542,0.06867993377550588
2024-03-14,1.0960238075061657,0.08265501953172132
2024-03-15,1.043371883532972,0.06622355777035573
2024-03-18,1.0003684824684564,6.933916925968374
2024-03-19,1.2871878605756868,0.4356191015501506
2024-03-22,1.228803366490967,0.03173012499023641
2024-03-25,1.1612472522644697,1.3613929260272835
2024-03-26,1.1777406349894923,0.0015856608673329488
2024-03-27,1.115763398143959,0.8076873383676919
2024-03-28,1.094424432270067,2.1596612170566982
2024-03-29,1.1635947235724997,0.2500688772254367
2024-04-01,1.1113665748968922,1.9961604870400496
2024-04-02,1.1687461197792948,0.00809160129619136
2024-04-03,1.1070673786754373,0.9531804790389751
2024-04-04,1.1097850368234192,0.6578580987932713
2024-04-05,1.082311759881325,3.9336079267245116
2024-04-08,1.2410800187161573,0.8212392824434617
2024-04-09,1.2048876897195862,1.1601024720636481
2024-04-10,1.1880160530355703,0.23250694485036735
2024-04-11,1.140291426089983,0.1240765693938463
2024-04-12,1.0912874702971185,0.04200586322673674
2024-04-15,1.0383825864249747,0.5451703227377038
2024-04-16,1.0273036125313832,3.842878978342442
2024-04-17,1.1951760434256153,1.7767497243092008
2024-04-18,1.2263190513754707,0.09615578901018294
2024-04-19,1.1618672002926798,7.245659803512914
2024-04-22,1.4416757696060218,0.9878293024880068
2024-04-23,1.3887580376977737,0.09171181491252835
2024-04-24,1.3084553189364996,5.707257677789931
2024-04-25,1.4577903187500432,4.778398626438921
2024-04-26,1.5681088009321493,0.6571800969085576
2024-05-01,1.489308028180448,0.1178347985265516
2024-05-02,1.4046517565218912,0.009856958427745076
2024-05-08,1.3222367697681132,2.698441243711916
2024-05-09,1.3736264008526422,0.1133307111779191
2024-05-10,1.300281274886242,0.16533408621924262
2024-05-13,1.2312798762226633,0.016888346730307414
2024-05-14,1.1658056203607923,0.21296357789385734
2024-05-15,1.1118511997116174,0.005979793364840076
2024-05-16,1.0554126339253025,1.9124659756729088
2024-05-17,1.0971234910292667,0.11696906407545934
2024-05-20,1.0521129409834633,0.5258864409047389
2024-05-21,1.025370225176483,0.09902151486262357
2024-05-22,0.9868913323720777,0.723302311896555
2024-05-23,0.9943358353137374,1.5648910538794891
2024-05-24,1.029113913138422,1.3826649912945168
2024-05-27,1.068293408167966,0.4288476112869741
2024-05-28,1.0351317626980694,0.013188991912493675
2024-05-29,0.9892521373682318,0.5947489361556567
2024-05-30,0.9881025170710971,1.722585781877705
2024-05-31,1.0539344391861338,1.2846577879762182
2024-06-03,1.0646954525793477,1.263886982064134
2024-06-04,1.0726956584434477,0.04843826472292926
2024-06-05,1.025759515149723,0.8068236350268495
2024-06-06,1.0320617500676232,0.3055220906559558
2024-06-07,0.9972411617190258,0.002561147035741792
2024-06-10,0.9542274527974381,0.8309002580431871
2024-06-11,0.9565721500778462,0.06111693517098298
2024-06-12,0.9185708701316805,0.4377723144451828
2024-06-13,0.9173001499885199,0.16216828089802404
2024-06-14,0.8964325661125132,0.058904710185132186
2024-06-17,0.8648576004234343,3.42880724282402
2024-06-18,1.057069147647912,0.9830886591602993
2024-06-19,1.0525299201862925,0.052949658884988995
2024-06-20,1.0040708952788675,0.026011820650097398
2024-06-21,0.9599146174603688,0.00895956800166185
2024-06-24,0.9218482777509094,0.2893638885264727
2024-06-25,0.8993392490802025,0.8933044964887215
2024-06-26,0.9133906249608855,1.569973187443359
2024-06-27,0.9624840403250498,0.679049513434527
2024-06-28,0.970580336700452,0.37463857037348613
2024-07-01,0.9464730362186956,0.014675188332427978
2024-07-02,0.9080786968854294,1.2391873643359235
2024-07-03,0.9398130732843885,1.5748008532494788
2024-07-04,0.9840548850562714,0.6674244580727823
2024-07-05,0.9732050829173844,9.747488145317899e-06
2024-07-08,0.93221494107556,0.10391454635298021
2024-07-09,0.9053589406551238,3.7692300053041365
2024-07-10,1.070901469215347,0.364562452032614
2024-07-11,1.0341486576126613,0.8701019555591301
2024-07-12,1.0266605183353625,6.1391126211313365
2024-07-17,1.3017565697191893,0.18549670456356254
2024-07-18,1.238741630374333,5.721034958048693
2024-07-19,1.4358251159143556,0.02434705333133417
2024-07-22,1.35012866025515,1.3616661200462907
2024-07-23,1.338186925915471,0.0001355083949918674
2024-07-24,1.2607196020330924,1.246152519366819
2024-07-25,1.255818596008501,11.140901469200752
2024-07-26,1.6498205689196705,0.2863405399140261
2024-07-29,1.5564129390054204,4.4301018041698255
2024-07-30,1.6105951509688188,0.022169554359509278
2024-07-31,1.507703173580595,2.2013660694777664
2024-08-01,1.491063874134658,6.382672114483157
2024-08-02,1.650770612630324,35.877270569227214
2024-08-05,2.574398606281013,175.14076981700308
2024-08-06,5.20578680361571,94.80057689663903
2024-08-07,5.899067555444032,1.4097126870043808
2024-08-08,5.42875616646738,0.5466140128908832
2024-08-09,4.999147682339786,0.3080289666934269
2024-08-14,4.604485863453012,0.3337277012127285
2024-08-15,4.245231267460365,0.603518879319701
2024-08-16,3.920118459494949,12.767520087356779
2024-08-19,3.814164859190537,3.192529794901252
2024-08-20,3.5757661843514437,3.194877354365263
2024-08-21,3.349273429532929,0.08547875624555358
2024-08-22,3.087167409194646,0.46332319704739006
2024-08-23,2.848208273922548,0.16022459953213022
2024-08-26,2.6191351567729364,0.4414394040546178
2024-08-27,2.418107377208966,0.21811681833808902
2024-08-28,2.2185135990909757,0.047048408209436475
2024-08-29,2.0271886087763735,0.0005787999919570763
2024-08-30,1.847693958987533,0.5486844955265374
2024-09-02,1.7026483765934528,0.018866398049453934
2024-09-03,1.5476626452975453,0.0014164258347949476
2024-09-04,1.4066699291434155,18.733253748168586
2024-09-05,2.101430795174474,1.122957400988501
2024-09-06,1.9822206244157219,0.528890345430361
2024-09-09,1.8537039466496863,0.23428166132147232
2024-09-10,1.7253588674327434,0.02445462923491227
2024-09-11,1.5981710612728406,2.258859259370563
2024-09-12,1.5892395764097365,11.222963960165034
2024-09-13,1.880509118811353,0.4694575989914842
2024-09-18,1.7630647612676673,0.23774077933969545
2024-09-19,1.6416982014368722,4.445049191505369
2024-09-20,1.686037230958961,2.306429112781477
2024-09-25,1.6464626510008356,0.03442354307451447
2024-09-26,1.5332030635514475,7.555198639619584
2024-09-27,1.7099108391811177,5.269981565079226
2024-09-30,1.768606845587084,24.14983738179717
2024-10-01,2.3995803777757576,3.659906005580547
2024-10-02,2.307616452211225,4.865043836966634
2024-10-03,2.278658902230338,3.7902762931509786
2024-10-04,2.205712478106964,0.04687995735762315
2024-10-07,2.0401100702618407,3.197848809519418
2024-10-08,1.9819368197066822,1.0197783369033253
2024-10-09,1.8755989506861026,0.7577304550280236
2024-10-10,1.7612370280387042,0.06849306374118344
2024-10-11,1.6359058097152919,0.3243191763587993
2024-10-16,1.530081038015056,3.4101642921458106
2024-10-17,1.5809364978156808,0.4750219103249716
2024-10-18,1.4965430717371957,0.03282191028354441
2024-10-21,1.3951539504748356,0.004853662367158065
2024-10-22,1.3035766355751641,1.9678511344084066
2024-10-23,1.331039645399051,0.644339682093196
2024-10-24,1.2849940137173739,0.010160969942791975
2024-10-25,1.2046130836388622,0.36378468524795543
2024-10-28,1.158500710795207,3.267846682907313
2024-10-29,1.2529702868280264,0.5918650827199882
2024-10-30,1.2022956043705486,0.9139764397952099
2024-10-31,1.1735356302261848,0.2506242721406309
2024-11-01,1.1253618805494692,7.099683546365793
2024-11-06,1.4339210418402046,6.659079605068106
2024-11-07,1.6013562054793755,0.06337056138558525
2024-11-08,1.4955923084282576,0.09097372718388931
2024-11-11,1.398556759585883,0.006952255928129478
2024-11-12,1.309335213023464,0.15880967795730927
2024-11-13,1.2404644928185333,2.808854628321798
2024-11-14,1.3184373973535848,0.23175302022849828
2024-11-15,1.2528906206202814,0.07718712042663241
2024-11-18,1.1808656049857114,1.2060656434507198
2024-11-19,1.1876038594249345,0.2552212817500237
2024-11-20,1.1303242947438328,0.026167051204320727
2024-11-21,1.072525099254988,0.7294667586001508
2024-11-22,1.0688051438554071,0.45610043773387354
2024-11-25,1.0358873344190993,1.6589694971231737
2024-11-26,1.0722928099873572,0.7669668132651699
2024-11-27,1.0709420133824668,0.6430333018195846
2024-11-28,1.0620120094326004,0.31341003223641545
2024-11-29,1.022797070935616,0.13573654585744177
2024-12-02,0.9865069310427932,0.6321232831176382
2024-12-03,0.9747082452341973,3.5819459363676973
2024-12-04,1.125768636595322,0.004916921012307126
2024-12-05,1.0656692871699622,0.0918443758665764
2024-12-06,1.015385380806656,0.6017905995586149
2024-12-09,1.0124773089945254,0.03139726927682386
2024-12-10,0.9659238529028794,0.2781509291793172
2024-12-11,0.9372068419003832,0.0001396416189448636
2024-12-12,0.8990751857707996,1.449635839242276
2024-12-13,0.9499726688619948,0.911789476176596
2024-12-16,0.9787358531093165,0.0010773273609759333
2024-12-17,0.9362710032954237,0.0554549126606653
2024-12-18,0.9046790309739314,0.5204688940365984
2024-12-19,0.9137762575968731,0.4739592052990072
2024-12-20,0.9178648014794284,0.08302944397739205
2024-12-23,0.8909109992662375,1.3927251354656116
2024-12-24,0.9401448470011802,0.10137345527974473
2024-12-25,0.9118522625244512,0.05732698091729207
2024-12-26,0.8782614039526828,1.2369386642577616
2024-12-27,0.9203704792872797,3.19039544942822
2024-12-30,1.0651538084126382,0.9301485253737072
2025-01-07,1.075012789121323,3.824330774297756
2025-01-08,1.2126108044115587,0.06522923165184745
2025-01-09,1.1479722676821613,0.8926782934446377
2025-01-10,1.1422203119484642,1.107937799676217
2025-01-15,1.1496085052445617,0.005972681836795347
2025-01-16,1.0878877707002303,0.11052602149554797
2025-01-17,1.0357300716990883,0.09894354934022052
2025-01-20,0.9952077078550173,1.3599816018397517
2025-01-21,1.0223742736517074,0.10370466647839774
2025-01-22,0.9776465655324428,2.47040725754055
2025-01-23,1.0686574338182375,0.6169060059236281
2025-01-24,1.0440494572352663,0.004531768497437169
2025-01-27,0.9945287783618891,0.848681270740211
2025-01-28,1.0110350130893546,1.9518838715428783
2025-01-29,1.0916708355842986,1.0295673530852214
2025-01-30,1.0851362773594424,0.06316898328937252
2025-01-31,1.031341427393306,0.021900679363155724
2025-02-03,0.9823541774166232,7.265298207982125
2025-02-04,1.3440089419457955,0.5181616078571826
2025-02-05,1.2798279061314088,0.00727619782217277
2025-02-06,1.203328644265141,0.36419441360773025
2025-02-07,1.1497969470815457,0.5155928843518175
2025-02-10,1.1219581298838868,0.0013308388838191656
2025-02-13,1.0631922435900103,1.6114519472994724
2025-02-14,1.0910377908224005,0.6302559617405318
2025-02-17,1.0783683493970593,0.004016875260763535
2025-02-18,1.0243887103163478,0.060092219678314567
2025-02-19,0.9781359562248558,0.07276493849889874
2025-02-20,0.9431471728839596,1.5628860388765313
2025-02-21,1.0142753877781319,0.0652191197317287
2025-02-26,0.9695094657812795,0.062425157679328866
2025-02-27,0.93479017921655,0.08875257633720483
2025-02-28,0.900479751548318,8.52236784427023
2025-03-03,1.3478726507613632,2.8267009099110347
2025-03-04,1.3818059573418198,1.4630620261088463
2025-03-05,1.369773509794357,0.05425853316221518
2025-03-06,1.285577367813562,0.5825668522973194
2025-03-07,1.2323630298584154,4.807934126462781
2025-03-10,1.4004665140813521,0.14575729383356936
2025-03-11,1.3165807731922805,0.4059065909966572
2025-03-12,1.2616021960268615,0.004982581450377179
2025-03-13,1.1884044792706019,0.006233700875972429
2025-03-14,1.1242335474940777,0.5076765699099676
2025-03-17,1.087758175559706,0.8511129500546246
2025-03-18,1.0731635805025037,1.423816617792906
2025-03-19,1.0897333109211014,0.06124493160997968
2025-03-24,1.0409886420620535,0.03318251275399977
2025-03-25,0.9955920635105234,0.20833321550683628
2025-03-26,0.9601045522971429,0.42378860271629815
2025-03-27,0.9407769844470345,0.3594912970545617
2025-03-28,0.9326697707122664,3.2918762470086778
2025-03-31,1.1072731646090956,17.07839289496524
2025-04-01,1.7926607750079704,0.00037760246105474077
2025-04-02,1.6638583093727808,0.08077257749095314
2025-04-03,1.5510691096618552,7.896391057750371
2025-04-04,1.7586830360457866,7.7777196221697125
2025-04-07,1.9151405248902769,66.42688372266467
2025-04-08,3.3952219906391727,34.22871047126271
2025-04-09,3.74425893511991,16.10376497182547
2025-04-10,3.7330270960837697,76.30828988187629
2025-04-11,4.632489008454547,9.010209787805024
2025-04-14,4.376708985084919,1.3794022609979644
2025-04-15,4.020463274196662,0.6983903101517746
2025-04-16,3.6893648469342892,1.0367242771484733
2025-04-17,3.4015227271608697,1.7925669049873174
2025-04-18,3.1488763240971887,1.0417733663979585
2025-04-21,2.90451804338191,1.7035862504929313
2025-04-22,2.7073166521486307,0.02999710123003782
2025-04-23,2.4796517465328836,3.5192605087715636
2025-04-24,2.365454848648284,0.23799015152997638
2025-04-25,2.1690732380403333,3.5515094229280697
2025-04-28,2.098666493211687,0.1408387632412971
2025-05-01,1.9234315150076498,1.2602101487821817
2025-05-02,1.805234232654804,1.0664538319517836
2025-05-08,1.6937070114669388,0.16338751234483126
2025-05-09,1.5565713369331944,2.3847320573777355
2025-05-12,1.5401649855499244,0.1406889375090229
2025-05-13,1.4213500453004526,2.021149354184887
2025-05-14,1.4111198446114488,0.020878615790370716
2025-05-15,1.3072722456349708,0.9644870975042774
2025-05-16,1.2800071594033284,2.2553053147541688e-05
2025-05-19,1.190387136952463,0.45963124892113166
2025-05-20,1.1488688695835532,0.006766844491853671
2025-05-21,1.0758199107720698,0.37957737770244787
2025-05-22,1.0470398125550704,0.71065163245059
2025-05-23,1.0485937013106683,0.22179869220133341
2025-05-26,1.00204376235337,0.9872180618287306
2025-05-27,1.011092168952088,0.26193750172006075
2025-05-28,0.9731076763825431,2.057074388300847e-05
2025-05-29,0.927592009901616,3.482671203363213
2025-05-30,1.1077669482372445,1.500281904401455
2025-06-02,1.149370844695989,1.7184100885547255
2025-06-03,1.195367303266411,0.004058392191831435
2025-06-04,1.1217227928341469,0.6394264495522733
2025-06-05,1.089246286105143,0.2626566447716208
2025-06-06,1.0511090820457665,0.24703718880384787
2025-06-09,1.007181685002837,0.8374194580025422
2025-06-10,1.0056210472823053,0.10385013995441411
2025-06-11,0.9602480709332345,0.29946535769112803
2025-06-12,0.9330445944320576,0.41969069215950616
2025-06-13,0.9331875259687503,0.7949569761731556
2025-06-16,0.9628459462555347,1.5702217461123544
2025-06-17,1.0158574040897024,0.34414665546054163
2025-06-18,0.9826873939782842,0.8100651827412171
2025-06-19,0.9837206686131147,1.0520718270753064
2025-06-20,1.021782804954942,0.04900695150930872
2025-06-23,0.9762149567780627,0.016394638780237263
2025-06-24,0.9338963002976695,1.2804539396904515
2025-06-25,0.9747057699352351,0.15196613902059244
2025-06-26,0.9363935701564337,2.6779476098279615
2025-06-27,1.063820049137306,2.017107773997893
2025-06-30,1.1204860985990832,0.6969728492642804
2025-07-01,1.0908618094785274,1.5507681622423013
2025-07-02,1.1394899008165456,0.31515120229564314
2025-07-03,1.0973044559299696,0.0034665366269022355
2025-07-04,1.035203029337024,0.00393976409063653
2025-07-07,0.9816404818156084,0.31609846218675225
2025-07-08,0.9648296106430734,0.06509119953636439
2025-07-09,0.9232762396229202,0.1110372751810864
2025-07-10,0.8902461169552711,0.19380679684851496
2025-07-11,0.8783619563772881,0.03747957735987424
2025-07-14,0.8529079959291752,0.07757685920407424
2025-07-15,0.8357480261634449,0.30464570088357634
2025-07-16,0.8292401589577009,0.0013583754037638973
2025-07-17,0.8060362561105922,0.3572900637630462
2025-07-18,0.808433824336948,0.04240515270337232
2025-07-23,0.7942027691653096,11.906153824036611
2025-07-24,1.4665237508341968,2.491465206379926
2025-07-25,1.4668110971840258,0.789982810128504
2025-07-28,1.4037516836033315,1.2339485994968007
2025-07-29,1.3746052640870632,0.6284129754339339
2025-07-30,1.316679404326921,0.0023831746174362953
2025-07-31,1.2271283283151302,1.032077508102415
2025-08-01,1.1985530936396225,0.4357633084490174
2025-08-04,1.1557264650510652,1.5754421989636458
2025-08-05,1.191692189199769,0.41008137747955403
2025-08-06,1.1361299565180443,0.3638097547914238
2025-08-07,1.0861173944316667,0.41700522178761945
2025-08-08,1.0464196029854003,3.3754916029783137
2025-08-13,1.1830406811290628,1.6752430778361587
2025-08-14,1.1958988699839277,2.119224120009058
2025-08-15,1.2552826970618203,2.8728726612256144
2025-08-18,1.3145434806227783,0.5953607123637867
2025-08-19,1.2503573121761211,0.14830105340738936
2025-08-20,1.1808805937254994,2.3163561369117875
2025-08-21,1.2547178891761641,0.4240494029895424
2025-08-22,1.2026252590169795,0.002941764180408534
2025-08-25,1.1269094145570067,0.16690672684963417
2025-08-26,1.067816138656454,0.9417852926973661
2025-08-27,1.0810478669110517,0.08789156709197872
2025-08-28,1.0243549820872107,0.5226748820386552
2025-08-29,1.000557899985833,0.06652107419835789
2025-09-01,0.9598145420542904,1.5567119753973064
2025-09-02,1.0387695577949296,0.08297173715560376
2025-09-03,0.9877852243006966,0.7781765518159987
2025-09-04,1.0049669629679985,2.303539502493029
2025-09-05,1.0919028113469516,1.0496161754541276
2025-09-08,1.0874020808391474,2.0809109747843695
2025-09-09,1.142078498804373,0.1795059198976065
2025-09-10,1.089911384480255,0.7515017270314815
2025-09-11,1.0685656958835734,1.470488976831534
2025-09-12,1.0924249472810794,0.7879039204168533
2025-09-17,1.0726169482359498,0.062249253164813535
2025-09-18,1.0212666385724078,1.2971798506221626
2025-09-19,1.044329754629017,0.3252192125256816
2025-09-22,1.0181192016069638,0.9787220644528097
2025-09-25,1.0226277624881832,0.07438605891486591
2025-09-26,0.973356318199995,0.7707738957669521
2025-09-29,0.993142781446042,0.4741597684871642
2025-09-30,0.9868026084771815,0.06100935390280586
2025-10-01,0.9477265695295846,0.7281147520159565
2025-10-02,0.9691481101077665,0.7437755634207691
2025-10-03,0.9683410424031065,3.3717845222731793
2025-10-06,1.1264279919147744,21.558953624009792
2025-10-07,1.9918355563714232,0.00016276680841573895
2025-10-08,1.8188519356266732,0.20362609750637273
2025-10-09,1.6794737671836812,3.082262592862617
2025-10-10,1.6643111350789788,1.0346331190856473
2025-10-15,1.5848404262096645,3.050090107391499
2025-10-16,1.585294807129307,1.5906840133991933
2025-10-17,1.5254728490975258,2.106240106826187
2025-10-20,1.518534736606628,10.983395712338806
2025-10-21,1.8407838570808204,0.07027247059144939
2025-10-22,1.689868173565825,0.00028122757052355054
2025-10-23,1.5557162428168525,1.8503445751564898
2025-10-24,1.5316167783188916,1.805697749946137
2025-10-27,1.4895538723849069,5.905057062850307
2025-10-28,1.626464589435021,0.3387535538093446
2025-10-29,1.5193235503278106,4.5979428060966585
2025-10-30,1.5961969530602063,0.001225016037017639
2025-10-31,1.4729898527199805,4.381964106424809
2025-11-05,1.5512000243735211,6.384724446869798
2025-11-06,1.7246455794296243,1.7643350671756841
2025-11-07,1.6516605824474935,1.4416877308188543
2025-11-10,1.5936272524830746,1.5772257131256346
2025-11-11,1.5326942407068294,0.018303427043557616
2025-11-12,1.4190737164913407,0.18706814981596878
2025-11-13,1.322498104739067,0.18235068988012842
2025-11-14,1.2374131182072377,3.1723332446465182
2025-11-17,1.3455142709549346,0.010922374507346504
2025-11-18,1.2539058295808065,10.719132558333902
2025-11-19,1.6983720716854473,0.11556119751215822
2025-11-20,1.5722163569873067,6.840746174658331
2025-11-21,1.7240117378709447,5.924230731574029
2025-11-26,1.8367954341919523,3.355430588947982
2025-11-27,1.805934749004512,1.4869770262607185
2025-11-28,1.711636086759538,0.029890726077046903
2025-12-01,1.57655811058865,3.6472299848345062
2025-12-02,1.6295779510306447,1.160656890035199e-07
2025-12-03,1.50381687420186,1.2811722032815844
2025-12-04,1.4443268690907745,5.322174678945607
2025-12-05,1.5684776336471633,1.1173365800328607
2025-12-08,1.5086418166004518,0.03176481023401917
2025-12-09,1.397101592856758,0.020889617527843206
2025-12-10,1.2980101265884065,0.010671330447661546
2025-12-11,1.212088988715924,0.8121497638927764
2025-12-12,1.191430543475914,1.855209754454887
2025-12-15,1.2122999563997423,1.7519291426456143
2025-12-16,1.2472416922646405,2.486129378644188
2025-12-17,1.3148838077937568,0.06805086043572381
2025-12-18,1.2278936007480923,1.0753347740980377
2025-12-19,1.220256127554409,1.0542000756902687
2025-12-22,1.1942042925025995,3.2113616712216713
2025-12-23,1.282715164520631,0.0004322836854243718
2025-12-24,1.1982970017260954,0.018633825921837658
2025-12-25,1.126960652250073,0.015983139895986195
2025-12-26,1.061878897440472,0.4588175056097762
2025-12-29,1.0284167238237878,0.19474694950796922
2025-12-30,0.9947953637950249,0.13813349396519273
2026-01-06,0.9615976716246785,1.7250949449352222
2026-01-07,1.0234422969908654,1.133192021183267
2026-01-08,1.058544772044315,2.686341799123288
2026-01-09,1.183094904006315,2.5487667674525083
2026-01-14,1.241109670023024,2.155944303303659
2026-01-15,1.267142640778002,0.18104987381165255
2026-01-16,1.1982810863951614,0.10412928233785348
2026-01-19,1.1335470058892232,0.43018487947881595
2026-01-20,1.100976126895896,1.236208790114266
2026-01-21,1.1268132887246833,0.16754452151942692
2026-01-22,1.076653891487007,2.9499153049130578
2026-01-23,1.1803962258792782,0.08632996820145332
2026-01-26,1.1110839424610028,3.2471412180695896
2026-01-27,1.2532484094862837,0.7124899493531266
2026-01-28,1.2046210398868589,0.002226513806216568
2026-01-29,1.1297377205311536,0.0010017130333253212
2026-01-30,1.0646475286145038,0.009776620187431478
2026-02-02,1.010063705978151,1.5876908918431558
2026-02-03,1.0779426125072904,14.804582997622944
2026-02-04,1.710579955330962,0.6145639867670942
2026-02-05,1.6066245933747183,0.773206267705882
2026-02-06,1.5246928958670596,0.6499760046572071
2026-02-09,1.4361920540915003,14.560939267096725
2026-02-10,1.9066374720529962,5.094039974699053
2026-02-13,1.9240618698875012,1.4838493322533892
2026-02-16,1.8288442464567234,0.05680990727272023
2026-02-17,1.6852455262907957,0.1791358389722243
2026-02-18,1.5647608535374016,1.0312128614035785
2026-02-19,1.4865103160948074,0.31964156099873603
2026-02-20,1.3886848731800974,1.2626131243939631
2026-02-25,1.3642997576053468,4.742814166835089
2026-02-26,1.4824871879154204,0.08423025895454206
2026-02-27,1.3765835320008326,0.027144194905570587
2026-03-02,1.2810894161587554,1.8406410859350002
2026-03-03,1.3070056673758974,9.67646987698589
2026-03-04,1.6841402902980551,13.54358227899558
2026-03-05,2.0749345889248674,3.5552232151918184
2026-03-06,2.0131658866404614,0.38215751932691017
2026-03-09,1.8563634249722778,28.513136635038826
2026-03-10,2.620524215928897,8.073026119985208
2026-03-11,2.5980283816971914,2.0223813231062557
2026-03-12,2.419590072752247,1.0935187246264604
2026-03-13,2.247961049920852,1.3687454789756086
2026-03-16,2.10666476199802,0.016201578761609624
2026-03-17,1.9306641609843878,0.008925664724076136
2026-03-18,1.7722165889899222,7.984107364502418
2026-03-19,1.9182265216488683,11.819995925721729
2026-03-24,2.1836833303219008,2.0166966199946224
2026-03-25,2.0590800340075983,7.982358166840416
2026-03-26,2.139369253398702,0.0739559290138642
2026-03-27,1.964410308352978,0.18583135660074443
2026-03-30,1.8129602760255432,7.98637438924559
2026-03-31,1.9797953892778113,2.551016942868444
2026-04-01,1.918915491848108,26.089010577819657
2026-04-02,2.5477773069867635,5.778420779743292
2026-04-03,2.5007018760106483,1.5639688925178568
2026-04-06,2.3257360551799535,0.2967761097948924
2026-04-07,2.135691164179326,0.0008835010745399471
2026-04-08,1.9581822055321452,27.541492108181544
2026-04-09,2.6079449931023535,0.5422042381656306
2026-04-10,2.4032436484382163,3.326357665108145
2026-04-13,2.2907915853454437,0.5519466249724927
2026-04-14,2.120950291714574,5.777852072764882
2026-04-15,2.123389810799789,0.19606928961024905
2026-04-16,1.9531590253192004,5.536471715296496
2026-04-17,1.9786257535860627,3.122225706915665
2026-04-20,1.940558182111236,0.35407241820546204
2026-04-21,1.7944632893384826,0.7873176930109743
2026-04-22,1.6791433363389472,0.1584135041753725
2026-04-23,1.5532410552000993,0.5635318266479549
2026-04-24,1.468881629486923,0.9392689349994484
2026-04-27,1.400079486137631,1.865323476791877
2026-04-28,1.38469420904651,1.0594009904690467
2026-05-01,1.351375958975108,0.14759471051010278
2026-05-08,1.262524640704682,0.03665987944688032
2026-05-11,1.1831456793809088,0.22347810696512851
2026-05-12,1.1281208027607417,0.2691964334151851
2026-05-13,1.0732470496458093,0.7063481772156688
2026-05-14,1.0520934524454888,0.963594568761238
2026-05-15,1.071336198857393,4.026935272744987
2026-05-18,1.2705600700097195,0.942653436362519
2026-05-19,1.248718689812062,0.1912195586452955
2026-05-20,1.1842283975645609,1.5375515696455846
2026-05-21,1.2124386853118934,9.577447288342647
2026-05-22,1.5824766778629487,7.009523922252316
2026-05-25,1.7407344526877973,8.017768210141753
2026-05-26,1.897394870605535,0.06204659112336183
2026-05-27,1.7460151786548106,2.6095238757729858e-05
